-- Uh Oh
local Players = game:GetService('Players')
local RunService = game:GetService('RunService')

local player = Players.LocalPlayer
local camera = workspace.CurrentCamera

local root = player.Character:WaitForChild('HumanoidRootPart')

camera.CameraType = Enum.CameraType.Scriptable

local frames = {
	{cf=CFrame.new(-2.665207,49.669510,-4.751160,-0.998533,0.052258,-0.014171,-0.000675,0.249684,0.968327,0.054141,0.966916,-0.249282),fov=89.444443,dt=0.031934},
	{cf=CFrame.new(-2.253159,50.884476,-4.831726,-0.996970,0.072714,-0.027647,-0.003020,0.318944,0.947769,0.077734,0.944980,-0.317758),fov=86.666664,dt=0.091539},
	{cf=CFrame.new(-2.005936,51.613464,-4.880066,-0.995764,0.084452,-0.036360,-0.003556,0.359777,0.933031,0.091878,0.929208,-0.357953),fov=84.999992,dt=0.038059},
	{cf=CFrame.new(-1.841095,52.099442,-4.912292,-0.994848,0.092025,-0.042545,-0.003676,0.386619,0.922232,0.101317,0.917637,-0.384289),fov=83.888885,dt=0.034161},
	{cf=CFrame.new(-1.758698,52.342438,-4.928375,-0.994361,0.095735,-0.045619,-0.003552,0.399861,0.916569,0.105989,0.911563,-0.397266),fov=83.333336,dt=0.026857},
	{cf=CFrame.new(-1.511475,53.071426,-4.976715,-0.992752,0.106687,-0.055321,-0.002860,0.439225,0.898373,0.120143,0.892020,-0.435736),fov=81.666656,dt=0.035742},
	{cf=CFrame.new(-1.408844,53.509521,-5.044525,-0.992741,0.103887,-0.060606,-0.002273,0.487605,0.873061,0.120251,0.866862,-0.483830),fov=80.555557,dt=0.032095},
	{cf=CFrame.new(-1.306290,53.947632,-5.112335,-0.992731,0.100881,-0.065644,-0.001563,0.534550,0.845136,0.120349,0.839095,-0.530506),fov=79.444443,dt=0.034243},
	{cf=CFrame.new(-1.203674,54.385727,-5.180115,-0.992727,0.097499,-0.070619,-0.001003,0.579878,0.814703,0.120384,0.808849,-0.575562),fov=78.333344,dt=0.045906},
	{cf=CFrame.new(-1.101044,54.823837,-5.247925,-0.992725,0.093939,-0.075316,-0.000330,0.623405,0.781899,0.120403,0.776236,-0.618839),fov=77.222221,dt=0.030185},
	{cf=CFrame.new(-1.030502,55.500992,-5.163757,-0.993126,0.086719,-0.078620,0.001236,0.679400,0.733767,0.117046,0.728626,-0.674837),fov=75.555557,dt=0.041317},
	{cf=CFrame.new(-1.020844,55.730042,-5.104736,-0.993323,0.084062,-0.079009,0.001840,0.696327,0.717723,0.115349,0.712785,-0.691832),fov=75.000000,dt=0.028745},
	{cf=CFrame.new(-1.001541,56.188141,-4.986633,-0.993714,0.078668,-0.079647,0.002847,0.728996,0.684512,0.111911,0.679983,-0.724637),fov=73.888878,dt=0.028552},
	{cf=CFrame.new(-1.001968,56.777252,-4.949768,-0.993674,0.075541,-0.083105,0.002585,0.755167,0.655527,0.112278,0.651165,-0.750585),fov=73.888878,dt=0.026511},
	{cf=CFrame.new(-1.002182,57.071808,-4.931335,-0.993658,0.073875,-0.084773,0.002436,0.767873,0.640597,0.112419,0.636328,-0.763183),fov=73.888878,dt=0.028377},
	{cf=CFrame.new(-1.002594,57.660919,-4.894470,-0.993614,0.070487,-0.088104,0.002120,0.792381,0.610023,0.112810,0.605941,-0.787470),fov=73.888878,dt=0.021927},
	{cf=CFrame.new(-1.002777,57.955475,-4.876007,-0.993593,0.068825,-0.089654,0.002061,0.804120,0.594464,0.113006,0.590470,-0.799109),fov=73.888878,dt=0.021554},
	{cf=CFrame.new(-1.003189,58.544586,-4.839142,-0.993551,0.065248,-0.092729,0.001795,0.826780,0.562522,0.113370,0.558728,-0.821566),fov=73.888878,dt=0.039610},
	{cf=CFrame.new(-1.003784,59.428253,-4.783813,-0.993482,0.059689,-0.097113,0.001427,0.858390,0.512996,0.113981,0.509514,-0.852880),fov=73.888878,dt=0.044265},
	{cf=CFrame.new(-1.003983,59.722809,-4.765350,-0.993457,0.057792,-0.098509,0.001310,0.868234,0.496153,0.114203,0.492778,-0.862629),fov=73.888878,dt=0.024005},
	{cf=CFrame.new(-1.014481,60.671982,-4.750610,-0.993164,0.052879,-0.104071,0.000703,0.894211,0.447645,0.116733,0.444512,-0.888135),fov=73.888878,dt=0.048235},
	{cf=CFrame.new(-1.034561,61.392105,-4.794983,-0.992636,0.050728,-0.110003,-0.000040,0.907953,0.419072,0.121136,0.415991,-0.901265),fov=73.888878,dt=0.026360},
	{cf=CFrame.new(-1.064728,62.472275,-4.861450,-0.991817,0.047052,-0.118686,-0.000947,0.926874,0.375371,0.127669,0.372412,-0.919244),fov=73.888878,dt=0.043865},
	{cf=CFrame.new(-1.074799,62.832336,-4.883636,-0.991531,0.045771,-0.121541,-0.001154,0.932697,0.360658,0.129869,0.357744,-0.924745),fov=73.888878,dt=0.030433},
	{cf=CFrame.new(-1.094894,63.552460,-4.927948,-0.990941,0.043071,-0.127206,-0.001456,0.943677,0.330865,0.134292,0.328053,-0.935065),fov=73.888878,dt=0.028756},
	{cf=CFrame.new(-1.115021,64.272568,-4.972260,-0.990329,0.040120,-0.132812,-0.001707,0.953681,0.300816,0.138729,0.298134,-0.944389),fov=73.888878,dt=0.025670},
	{cf=CFrame.new(-1.125107,64.632629,-4.994415,-0.990025,0.038606,-0.135497,-0.001721,0.958340,0.285624,0.140880,0.283008,-0.948714),fov=73.888878,dt=0.025038},
	{cf=CFrame.new(-1.145172,65.352737,-5.038757,-0.989378,0.035397,-0.140989,-0.001756,0.966919,0.255076,0.145354,0.252614,-0.956587),fov=73.888878,dt=0.025709},
	{cf=CFrame.new(-1.172272,66.687637,-5.025146,-0.987378,0.035108,-0.154442,-0.002077,0.972169,0.234270,0.158368,0.231633,-0.959826),fov=73.888878,dt=0.031685},
	{cf=CFrame.new(-1.185913,67.355072,-5.018372,-0.986307,0.034771,-0.161214,-0.002220,0.974635,0.223791,0.164906,0.221084,-0.961212),fov=73.888878,dt=0.021054},
	{cf=CFrame.new(-1.199463,68.022507,-5.011536,-0.985190,0.034447,-0.167970,-0.002206,0.976984,0.213300,0.171452,0.210512,-0.962439),fov=73.888878,dt=0.023099},
	{cf=CFrame.new(-1.213013,68.689957,-5.004761,-0.984044,0.034052,-0.174634,-0.002119,0.979202,0.202878,0.177910,0.200011,-0.963506),fov=73.888878,dt=0.020401},
	{cf=CFrame.new(-1.240173,70.024826,-4.991150,-0.981610,0.032941,-0.188036,-0.001812,0.983347,0.181731,0.190891,0.178729,-0.965203),fov=73.888878,dt=0.025845},
	{cf=CFrame.new(-1.253708,70.692276,-4.984344,-0.980318,0.032330,-0.194760,-0.001517,0.985238,0.171183,0.197420,0.168110,-0.965797),fov=73.888878,dt=0.022783},
	{cf=CFrame.new(-1.267822,71.160568,-4.982208,-0.978961,0.030237,-0.201795,-0.001799,0.987642,0.156715,0.204040,0.153781,-0.966809),fov=73.888878,dt=0.026662},
	{cf=CFrame.new(-1.281891,71.628860,-4.980103,-0.977574,0.028122,-0.208708,-0.001890,0.989832,0.142229,0.210586,0.139434,-0.967580),fov=73.888878,dt=0.027989},
	{cf=CFrame.new(-1.296005,72.097153,-4.977905,-0.976121,0.025913,-0.215675,-0.001890,0.991808,0.127721,0.217218,0.125079,-0.968076),fov=73.888878,dt=0.036357},
	{cf=CFrame.new(-1.310104,72.565445,-4.975800,-0.974642,0.023514,-0.222531,-0.001873,0.993572,0.113187,0.223762,0.110734,-0.968333),fov=73.888878,dt=0.038163},
	{cf=CFrame.new(-1.240448,72.919464,-4.976990,-0.977324,0.021594,-0.210647,-0.001222,0.994195,0.107588,0.211748,0.105406,-0.971624),fov=73.888878,dt=0.033756},
	{cf=CFrame.new(-1.170837,73.273483,-4.978149,-0.979838,0.019832,-0.198809,-0.000559,0.994785,0.101989,0.199795,0.100044,-0.974717),fov=73.888878,dt=0.031942},
	{cf=CFrame.new(-1.066315,73.804520,-4.979980,-0.983342,0.017187,-0.180954,0.000175,0.995609,0.093614,0.181769,0.092022,-0.979026),fov=73.888878,dt=0.043232},
	{cf=CFrame.new(-1.031525,73.981552,-4.980530,-0.984441,0.016331,-0.174959,0.000390,0.995872,0.090762,0.175719,0.089282,-0.980384),fov=73.888878,dt=0.029433},
	{cf=CFrame.new(-0.755676,75.413208,-4.997070,-0.992049,0.011010,-0.125372,0.000825,0.996714,0.081001,0.125852,0.080253,-0.988798),fov=73.888878,dt=0.051942},
	{cf=CFrame.new(-0.686768,75.771118,-5.001251,-0.993558,0.009795,-0.112899,0.000900,0.996908,0.078567,0.113319,0.077959,-0.990495),fov=73.888878,dt=0.032132},
	{cf=CFrame.new(-0.526306,76.608841,-5.012848,-0.996488,0.007034,-0.083435,0.000753,0.997178,0.075074,0.083727,0.074748,-0.993681),fov=73.888878,dt=0.028214},
	{cf=CFrame.new(-0.343399,77.568466,-5.027832,-0.998761,0.004188,-0.049587,0.000567,0.997346,0.072808,0.049760,0.072690,-0.996113),fov=73.888878,dt=0.032526},
	{cf=CFrame.new(-0.160400,78.528091,-5.042755,-0.999878,0.001326,-0.015593,0.000222,0.997507,0.070572,0.015648,0.070560,-0.997385),fov=73.888878,dt=0.031646},
	{cf=CFrame.new(0.029190,79.342697,-5.042297,-0.999782,-0.001541,0.020851,-0.000107,0.997642,0.068628,-0.020908,0.068611,-0.997425),fov=73.888878,dt=0.032606},
	{cf=CFrame.new(0.225388,80.012238,-5.026489,-0.998201,-0.004250,0.059803,-0.000241,0.997761,0.066883,-0.059953,0.066749,-0.995967),fov=73.888878,dt=0.029764},
	{cf=CFrame.new(0.421600,80.681778,-5.010620,-0.995092,-0.006973,0.098705,-0.000527,0.997874,0.065177,-0.098950,0.064805,-0.992980),fov=73.888878,dt=0.030462},
	{cf=CFrame.new(0.519653,81.016556,-5.002716,-0.992975,-0.008263,0.118040,-0.000651,0.997925,0.064377,-0.118327,0.063847,-0.990920),fov=73.888878,dt=0.023362},
	{cf=CFrame.new(0.617783,81.351334,-4.994781,-0.990477,-0.009531,0.137347,-0.000798,0.997982,0.063499,-0.137675,0.062785,-0.988485),fov=73.888878,dt=0.021280},
	{cf=CFrame.new(0.759018,82.277237,-4.972076,-0.986045,-0.013375,0.165943,-0.001831,0.997579,0.069521,-0.166471,0.068247,-0.983682),fov=73.888878,dt=0.025350},
	{cf=CFrame.new(0.829620,82.740173,-4.960693,-0.983503,-0.015356,0.180241,-0.002285,0.997365,0.072504,-0.180880,0.070896,-0.980947),fov=73.888878,dt=0.018676},
	{cf=CFrame.new(0.900223,83.203110,-4.949310,-0.980765,-0.017294,0.194425,-0.002601,0.997137,0.075572,-0.195175,0.073613,-0.978002),fov=73.888878,dt=0.024465},
	{cf=CFrame.new(1.041458,84.129013,-4.926605,-0.974675,-0.021444,0.222597,-0.003296,0.996661,0.081583,-0.223603,0.078784,-0.971491),fov=73.888878,dt=0.020287},
	{cf=CFrame.new(1.112045,84.591965,-4.915253,-0.971304,-0.023588,0.236668,-0.003563,0.996401,0.084687,-0.237813,0.081414,-0.967893),fov=73.888878,dt=0.029282},
	{cf=CFrame.new(1.182678,85.054916,-4.903900,-0.967744,-0.025759,0.250613,-0.003800,0.996139,0.087713,-0.251905,0.083931,-0.964106),fov=73.888878,dt=0.018630},
	{cf=CFrame.new(1.268845,86.237137,-4.874298,-0.962720,-0.031666,0.268641,-0.004404,0.994827,0.101485,-0.270465,0.096519,-0.957880),fov=73.888878,dt=0.024295},
	{cf=CFrame.new(1.355103,87.419388,-4.844696,-0.957349,-0.037885,0.286441,-0.004843,0.993332,0.115191,-0.288895,0.108890,-0.951148),fov=73.888878,dt=0.029526},
	{cf=CFrame.new(1.441269,88.601608,-4.815063,-0.951609,-0.044352,0.304093,-0.005000,0.991634,0.128981,-0.307270,0.121219,-0.943870),fov=73.888878,dt=0.044895},
	{cf=CFrame.new(1.622665,93.236084,-4.677582,-0.936086,-0.072556,0.344207,-0.004081,0.980671,0.195620,-0.351747,0.181712,-0.918289),fov=73.888878,dt=0.056450},
	{cf=CFrame.new(1.713348,95.553329,-4.608856,-0.927586,-0.087590,0.363197,-0.002413,0.973514,0.228613,-0.373602,0.211182,-0.903230),fov=73.888878,dt=0.036802},
	{cf=CFrame.new(1.804047,97.870560,-4.540100,-0.918563,-0.103241,0.381554,0.000019,0.965277,0.261230,-0.395275,0.239963,-0.886665),fov=73.888878,dt=0.030830},
	{cf=CFrame.new(1.848557,98.032990,-4.502502,-0.913396,-0.111176,0.391597,-0.000764,0.962449,0.271460,-0.407072,0.247651,-0.879182),fov=73.888878,dt=0.021898},
	{cf=CFrame.new(1.937531,98.357864,-4.427338,-0.902554,-0.127316,0.411324,-0.001926,0.956469,0.291826,-0.430573,0.262596,-0.863511),fov=73.888878,dt=0.023837},
	{cf=CFrame.new(2.026535,98.682739,-4.352203,-0.891082,-0.143716,0.430487,-0.002469,0.950059,0.312061,-0.453836,0.277009,-0.846935),fov=73.888878,dt=0.032774},
	{cf=CFrame.new(2.070999,98.845169,-4.314636,-0.885111,-0.152087,0.439827,-0.002573,0.946678,0.322172,-0.465372,0.284026,-0.838307),fov=73.888878,dt=0.026975},
	{cf=CFrame.new(2.227142,99.384445,-4.206085,-0.864261,-0.182198,0.468888,-0.002892,0.933888,0.357555,-0.503035,0.307664,-0.807650),fov=73.888878,dt=0.046248},
	{cf=CFrame.new(2.338821,99.761276,-4.135193,-0.848683,-0.204346,0.487832,-0.002545,0.923916,0.382588,-0.528896,0.323454,-0.784631),fov=73.888878,dt=0.035721},
	{cf=CFrame.new(2.450455,100.138123,-4.064240,-0.832371,-0.226689,0.505737,-0.001281,0.913307,0.407269,-0.554217,0.338351,-0.760501),fov=73.888878,dt=0.028555},
	{cf=CFrame.new(2.517944,100.323257,-4.053955,-0.823997,-0.240792,0.512882,-0.001883,0.906361,0.422500,-0.566591,0.347173,-0.747292),fov=73.888878,dt=0.030930},
	{cf=CFrame.new(2.585526,100.508408,-4.043579,-0.815386,-0.254999,0.519732,-0.002216,0.899133,0.437669,-0.578913,0.355718,-0.733706),fov=73.888878,dt=0.032833},
	{cf=CFrame.new(2.653076,100.693527,-4.033264,-0.806655,-0.269169,0.526172,-0.002268,0.891676,0.452669,-0.591019,0.363954,-0.719885),fov=73.888878,dt=0.032827},
	{cf=CFrame.new(2.720596,100.878677,-4.022980,-0.797691,-0.283411,0.532322,-0.002079,0.883980,0.467521,-0.603062,0.371831,-0.705732),fov=73.888878,dt=0.035106},
	{cf=CFrame.new(2.792923,101.009644,-3.988159,-0.786339,-0.297075,0.541681,-0.002693,0.878436,0.477852,-0.617790,0.374295,-0.691549),fov=73.888878,dt=0.037582},
	{cf=CFrame.new(2.865173,101.140610,-3.953369,-0.774653,-0.310790,0.550747,-0.003065,0.872738,0.488180,-0.632379,0.376482,-0.677022),fov=73.888878,dt=0.038901},
	{cf=CFrame.new(2.937469,101.271576,-3.918518,-0.762767,-0.324414,0.559413,-0.003196,0.866942,0.498399,-0.646666,0.378374,-0.662311),fov=73.888878,dt=0.031766},
	{cf=CFrame.new(3.009796,101.402542,-3.883698,-0.750555,-0.338082,0.567775,-0.003082,0.860994,0.508606,-0.660801,0.379986,-0.647265),fov=73.888878,dt=0.029198},
	{cf=CFrame.new(3.066650,101.498245,-3.853699,-0.740571,-0.348646,0.574457,-0.002983,0.856572,0.516019,-0.671971,0.380435,-0.635392),fov=73.888878,dt=0.028523},
	{cf=CFrame.new(3.087387,101.528458,-3.841125,-0.736758,-0.352370,0.577082,-0.003005,0.855171,0.518337,-0.676150,0.380154,-0.631113),fov=73.888878,dt=0.030753},
	{cf=CFrame.new(3.128906,101.588913,-3.815918,-0.729087,-0.359879,0.582168,-0.003096,0.852325,0.523004,-0.684414,0.379513,-0.622533),fov=73.888878,dt=0.018964},
	{cf=CFrame.new(3.149658,101.619125,-3.803253,-0.725204,-0.363501,0.584762,-0.003024,0.850958,0.525224,-0.688527,0.379126,-0.618218),fov=73.888878,dt=0.019111},
	{cf=CFrame.new(3.191147,101.679565,-3.778046,-0.717379,-0.370935,0.589725,-0.002934,0.848076,0.529867,-0.696677,0.378385,-0.609480),fov=73.888878,dt=0.031282},
	{cf=CFrame.new(3.232712,101.740005,-3.752838,-0.709502,-0.378324,0.594541,-0.002835,0.845200,0.534442,-0.704698,0.377502,-0.600743),fov=73.888878,dt=0.031504},
	{cf=CFrame.new(3.274200,101.800446,-3.727661,-0.701511,-0.385712,0.599256,-0.002665,0.842289,0.539020,-0.712653,0.376531,-0.591903),fov=73.888878,dt=0.043417},
	{cf=CFrame.new(3.336456,101.891098,-3.689789,-0.689332,-0.396730,0.606157,-0.002183,0.837853,0.545892,-0.724442,0.374977,-0.578425),fov=73.888878,dt=0.049723},
	{cf=CFrame.new(3.398697,101.981766,-3.651978,-0.676967,-0.407668,0.612799,-0.001642,0.833427,0.552627,-0.736012,0.373104,-0.564872),fov=73.888878,dt=0.042429},
	{cf=CFrame.new(3.408173,101.992722,-3.645142,-0.674955,-0.409297,0.613932,-0.001651,0.832880,0.553451,-0.737857,0.372541,-0.562832),fov=73.888878,dt=0.023807},
	{cf=CFrame.new(3.417725,102.003677,-3.638397,-0.672956,-0.410880,0.615067,-0.001545,0.832308,0.554311,-0.739681,0.372077,-0.560742),fov=73.888878,dt=0.022950},
	{cf=CFrame.new(3.436737,102.025589,-3.624756,-0.668987,-0.414043,0.617272,-0.001501,0.831228,0.555929,-0.743272,0.370983,-0.556703),fov=73.888878,dt=0.028078},
	{cf=CFrame.new(3.455765,102.047485,-3.611176,-0.664926,-0.417221,0.619516,-0.001417,0.830143,0.557549,-0.746908,0.369851,-0.552575),fov=73.888878,dt=0.026621},
	{cf=CFrame.new(3.465240,102.058441,-3.604340,-0.662965,-0.418753,0.620584,-0.001361,0.829609,0.558343,-0.748649,0.369317,-0.550571),fov=73.888878,dt=0.022864},
	{cf=CFrame.new(3.484268,102.080338,-3.590759,-0.658865,-0.421927,0.622796,-0.001257,0.828515,0.559966,-0.752260,0.368159,-0.546410),fov=73.888878,dt=0.028691},
	{cf=CFrame.new(3.493759,102.091293,-3.583984,-0.656886,-0.423457,0.623847,-0.001192,0.827977,0.560761,-0.753989,0.367613,-0.544391),fov=73.888878,dt=0.023601},
	{cf=CFrame.new(3.512772,102.113205,-3.570374,-0.652748,-0.426626,0.626027,-0.001068,0.826874,0.562386,-0.757574,0.366428,-0.540196),fov=73.888878,dt=0.027576},
	{cf=CFrame.new(3.522308,102.124161,-3.563538,-0.650751,-0.428154,0.627063,-0.000993,0.826332,0.563182,-0.759291,0.365868,-0.538162),fov=73.888878,dt=0.024120},
	{cf=CFrame.new(3.541351,102.146072,-3.549988,-0.646575,-0.431319,0.629210,-0.000850,0.825221,0.564809,-0.762850,0.364657,-0.533934),fov=73.888878,dt=0.021536},
	{cf=CFrame.new(3.560303,102.167984,-3.536346,-0.642444,-0.434462,0.631275,-0.000722,0.824104,0.566437,-0.766332,0.363449,-0.529755),fov=73.888878,dt=0.040793},
	{cf=CFrame.new(3.588852,102.200836,-3.515991,-0.636249,-0.439124,0.634317,-0.000483,0.822430,0.568866,-0.771484,0.361634,-0.523483),fov=73.888878,dt=0.043719},
	{cf=CFrame.new(3.607864,102.222733,-3.502380,-0.632079,-0.442185,0.636356,-0.000250,0.821322,0.570464,-0.774904,0.360419,-0.519251),fov=73.888878,dt=0.045283},
	{cf=CFrame.new(3.636414,102.255600,-3.481964,-0.625791,-0.446805,0.639337,-0.000003,0.819673,0.572831,-0.779991,0.358470,-0.512945),fov=73.888878,dt=0.048024},
	{cf=CFrame.new(-0.428406,98.515640,-5.238708,-0.995535,0.009304,-0.093937,0.000056,0.995189,0.097974,0.094397,0.097531,-0.990746),fov=50.000000,dt=0.036187},
	{cf=CFrame.new(-0.388168,98.362610,-5.279999,-0.996164,0.007827,-0.087159,0.000296,0.996287,0.086094,0.087509,0.085738,-0.992468),fov=50.000000,dt=0.036917},
	{cf=CFrame.new(-0.361313,98.260590,-5.307495,-0.996554,0.006855,-0.082658,0.000381,0.996947,0.078082,0.082941,0.077781,-0.993514),fov=50.000000,dt=0.031328},
	{cf=CFrame.new(-0.078629,98.100937,-5.297394,-0.997423,0.001044,-0.071735,-0.006107,0.995030,0.099392,0.071482,0.099574,-0.992459),fov=50.000000,dt=0.045697},
	{cf=CFrame.new(-0.314651,97.957932,-5.243744,-0.997161,-0.014424,-0.073905,-0.017670,0.998899,0.043460,0.073197,0.044642,-0.996318),fov=50.000000,dt=0.070776},
	{cf=CFrame.new(-0.430832,98.005722,-5.071228,-0.995818,-0.037257,-0.083421,-0.039412,0.998927,0.024330,0.082425,0.027516,-0.996218),fov=50.000000,dt=0.035823},
	{cf=CFrame.new(-0.346008,97.820450,-5.451477,-0.998210,0.005208,-0.059574,0.002911,0.999251,0.038578,0.059730,0.038335,-0.997478),fov=50.000000,dt=0.022411},
	{cf=CFrame.new(-0.334595,97.747208,-5.646881,-0.998475,0.025496,-0.048974,0.023349,0.998762,0.043918,0.050033,0.042707,-0.997834),fov=50.000000,dt=0.025839},
	{cf=CFrame.new(-0.312714,97.748062,-5.716461,-0.998314,0.032532,-0.048071,0.030212,0.998379,0.048231,0.049562,0.046697,-0.997679),fov=50.000000,dt=0.022105},
	{cf=CFrame.new(-0.308563,97.769958,-5.722961,-0.998219,0.032371,-0.050111,0.029858,0.998297,0.050114,0.051648,0.048529,-0.997486),fov=50.000000,dt=0.023675},
	{cf=CFrame.new(-0.314011,97.803146,-5.732910,-0.998094,0.031752,-0.052923,0.028989,0.998217,0.052179,0.054486,0.050545,-0.997235),fov=50.000000,dt=0.034684},
	{cf=CFrame.new(-0.238571,97.866470,-5.570862,-0.998107,0.011308,-0.060461,0.007516,0.998011,0.062590,0.061048,0.062017,-0.996206),fov=50.000000,dt=0.023556},
	{cf=CFrame.new(-0.206482,97.878357,-5.538544,-0.998079,0.006637,-0.061603,0.002476,0.997725,0.067371,0.061910,0.067089,-0.995824),fov=50.000000,dt=0.023927},
	{cf=CFrame.new(-0.171249,97.873917,-5.533386,-0.998175,0.003987,-0.060261,-0.000494,0.997246,0.074169,0.060390,0.074064,-0.995423),fov=50.000000,dt=0.021399},
	{cf=CFrame.new(-0.137375,97.876801,-5.521332,-0.998183,0.001604,-0.060231,-0.003183,0.996846,0.079300,0.060168,0.079347,-0.995030),fov=50.000000,dt=0.031732},
	{cf=CFrame.new(-0.124939,97.939026,-5.521088,-0.998176,0.001408,-0.060354,-0.004256,0.995600,0.093614,0.060220,0.093700,-0.993778),fov=50.000000,dt=0.030368},
	{cf=CFrame.new(-0.135498,98.004791,-5.535309,-0.998150,0.002982,-0.060728,-0.003434,0.994437,0.105273,0.060704,0.105286,-0.992588),fov=50.000000,dt=0.025940},
	{cf=CFrame.new(-0.134323,98.111069,-5.538788,-0.998044,0.003250,-0.062426,-0.004565,0.992190,0.124651,0.062344,0.124692,-0.990235),fov=50.000000,dt=0.057074},
	{cf=CFrame.new(-0.189941,98.225952,-5.578308,-0.997890,0.007894,-0.064449,-0.001055,0.990480,0.137652,0.064922,0.137430,-0.988382),fov=50.000000,dt=0.037210},
	{cf=CFrame.new(-0.191254,98.270081,-5.585907,-0.997792,0.008875,-0.065830,-0.000693,0.989590,0.143917,0.066422,0.143645,-0.987398),fov=50.000000,dt=0.025681},
	{cf=CFrame.new(-0.198975,98.347458,-5.598267,-0.997669,0.010361,-0.067455,-0.000279,0.987781,0.155850,0.068245,0.155505,-0.985475),fov=50.000000,dt=0.031432},
	{cf=CFrame.new(-0.208191,98.426056,-5.613922,-0.997532,0.012348,-0.069123,0.000589,0.985853,0.167611,0.070215,0.167156,-0.983427),fov=50.000000,dt=0.030273},
	{cf=CFrame.new(-0.153030,98.488449,-5.629913,-0.998123,0.009649,-0.060483,-0.001245,0.984113,0.177541,0.061235,0.177283,-0.982253),fov=50.000000,dt=0.026277},
	{cf=CFrame.new(-0.043823,98.613510,-5.663361,-0.999055,0.004255,-0.043264,-0.004373,0.980314,0.197395,0.043252,0.197398,-0.979369),fov=50.000000,dt=0.027589},
	{cf=CFrame.new(0.065399,98.738602,-5.696777,-0.999655,-0.001483,-0.026230,-0.007147,0.976108,0.217170,0.025281,0.217283,-0.975781),fov=50.000000,dt=0.031304},
	{cf=CFrame.new(0.120056,98.801132,-5.713501,-0.999833,-0.004530,-0.017715,-0.008435,0.973845,0.227057,0.016223,0.227168,-0.973721),fov=50.000000,dt=0.026644},
	{cf=CFrame.new(0.229263,98.926193,-5.746979,-0.999942,-0.010798,-0.000761,-0.010652,0.969024,0.246736,-0.001927,0.246730,-0.969083),fov=50.000000,dt=0.032629},
	{cf=CFrame.new(0.338486,99.051285,-5.780396,-0.999719,-0.017409,0.016071,-0.012501,0.963783,0.266394,-0.020126,0.266118,-0.963730),fov=50.000000,dt=0.033100},
	{cf=CFrame.new(0.447723,99.176346,-5.813812,-0.999169,-0.024349,0.032685,-0.013996,0.958147,0.285934,-0.038279,0.285239,-0.957692),fov=50.000000,dt=0.020524},
	{cf=CFrame.new(0.502380,99.238876,-5.830627,-0.998768,-0.027993,0.040976,-0.014640,0.955171,0.295691,-0.047416,0.294727,-0.954404),fov=50.000000,dt=0.022641},
	{cf=CFrame.new(0.556961,99.301422,-5.847321,-0.998286,-0.031636,0.049243,-0.015106,0.952094,0.305432,-0.056547,0.304164,-0.950940),fov=50.000000,dt=0.021565},
	{cf=CFrame.new(0.664520,99.411911,-5.877014,-0.997123,-0.038945,0.065032,-0.015960,0.946560,0.322131,-0.074102,0.320167,-0.944459),fov=50.000000,dt=0.024269},
	{cf=CFrame.new(0.717377,99.459854,-5.889954,-0.996448,-0.042596,0.072648,-0.016359,0.944124,0.329184,-0.082610,0.326826,-0.941467),fov=50.000000,dt=0.021552},
	{cf=CFrame.new(0.823166,99.555740,-5.915955,-0.994883,-0.049978,0.087807,-0.016887,0.939116,0.343184,-0.099613,0.339945,-0.935155),fov=50.000000,dt=0.027841},
	{cf=CFrame.new(0.928955,99.651627,-5.941895,-0.993033,-0.057491,0.102863,-0.017082,0.933921,0.357070,-0.116594,0.352825,-0.928397),fov=50.000000,dt=0.034690},
	{cf=CFrame.new(0.981857,99.699570,-5.954895,-0.992006,-0.061398,0.110244,-0.017184,0.931237,0.364008,-0.125013,0.359203,-0.924849),fov=50.000000,dt=0.021778},
	{cf=CFrame.new(1.034775,99.747513,-5.967865,-0.990901,-0.065290,0.117693,-0.017122,0.928503,0.370930,-0.133496,0.365540,-0.921172),fov=50.000000,dt=0.019072},
	{cf=CFrame.new(1.140549,99.843399,-5.993805,-0.988488,-0.073218,0.132407,-0.016821,0.922869,0.384746,-0.150365,0.378089,-0.913477),fov=50.000000,dt=0.025305},
	{cf=CFrame.new(1.193420,99.891342,-6.006775,-0.987162,-0.077355,0.139738,-0.016650,0.919966,0.391645,-0.158850,0.384291,-0.909443),fov=50.000000,dt=0.017691},
	{cf=CFrame.new(1.246338,99.939285,-6.019806,-0.985783,-0.081439,0.146969,-0.016357,0.917046,0.398445,-0.167226,0.390376,-0.905341),fov=50.000000,dt=0.020262},
	{cf=CFrame.new(1.299210,99.987228,-6.032745,-0.984333,-0.085574,0.154164,-0.015999,0.914074,0.405232,-0.175595,0.396417,-0.901122),fov=50.000000,dt=0.022287},
	{cf=CFrame.new(1.403336,100.068512,-6.054932,-0.981319,-0.093633,0.168066,-0.015448,0.909105,0.416281,-0.191767,0.405908,-0.893568),fov=50.000000,dt=0.028119},
	{cf=CFrame.new(1.454468,100.101852,-6.064178,-0.979769,-0.097450,0.174803,-0.015196,0.907144,0.420545,-0.199553,0.409381,-0.890273),fov=50.000000,dt=0.021621},
	{cf=CFrame.new(1.556824,100.168564,-6.082672,-0.976501,-0.105145,0.188122,-0.014609,0.903194,0.428984,-0.215016,0.416156,-0.883506),fov=50.000000,dt=0.027635},
	{cf=CFrame.new(1.659180,100.235260,-6.101105,-0.972969,-0.112972,0.201420,-0.013850,0.899154,0.437413,-0.230523,0.422799,-0.876413),fov=50.000000,dt=0.033265},
	{cf=CFrame.new(1.761551,100.301956,-6.119598,-0.969228,-0.120866,0.214451,-0.012991,0.895065,0.445747,-0.245823,0.429244,-0.869092),fov=50.000000,dt=0.025034},
	{cf=CFrame.new(1.812714,100.335312,-6.128815,-0.967245,-0.124873,0.221008,-0.012485,0.892988,0.449908,-0.253539,0.432412,-0.865296),fov=50.000000,dt=0.020794},
	{cf=CFrame.new(1.915039,100.402008,-6.147247,-0.963137,-0.132921,0.233879,-0.011413,0.888807,0.458139,-0.268769,0.438582,-0.857560),fov=50.000000,dt=0.032321},
	{cf=CFrame.new(2.017395,100.468704,-6.165771,-0.958785,-0.141085,0.246629,-0.010174,0.884500,0.466429,-0.283949,0.444696,-0.849481),fov=50.000000,dt=0.030081},
	{cf=CFrame.new(2.068588,100.502060,-6.174957,-0.956518,-0.145197,0.252965,-0.009513,0.882355,0.470488,-0.291518,0.447624,-0.845370),fov=50.000000,dt=0.023312},
	{cf=CFrame.new(2.166809,100.538757,-6.187469,-0.952392,-0.151944,0.264315,-0.008807,0.880307,0.474322,-0.304748,0.449413,-0.839736),fov=50.000000,dt=0.027507},
	{cf=CFrame.new(2.215958,100.557114,-6.193726,-0.950242,-0.155382,0.269994,-0.008460,0.879270,0.476248,-0.311398,0.450267,-0.836834),fov=50.000000,dt=0.025158},
	{cf=CFrame.new(2.265091,100.575455,-6.199982,-0.948079,-0.158725,0.275597,-0.008036,0.878235,0.478161,-0.317935,0.451120,-0.833911),fov=50.000000,dt=0.023137},
	{cf=CFrame.new(2.363297,100.612167,-6.212494,-0.943577,-0.165530,0.286816,-0.007217,0.876180,0.481929,-0.331076,0.452667,-0.827938),fov=50.000000,dt=0.017371},
	{cf=CFrame.new(2.412445,100.630508,-6.218750,-0.941273,-0.168899,0.292366,-0.006744,0.875128,0.483845,-0.337579,0.453459,-0.824873),fov=50.000000,dt=0.020409},
	{cf=CFrame.new(2.461533,100.648865,-6.224915,-0.938886,-0.172379,0.297956,-0.006315,0.874060,0.485778,-0.344169,0.454208,-0.821731),fov=50.000000,dt=0.022945},
	{cf=CFrame.new(2.559814,100.685562,-6.237457,-0.934038,-0.179229,0.308949,-0.005388,0.871957,0.489553,-0.357132,0.455597,-0.815407),fov=50.000000,dt=0.024425},
	{cf=CFrame.new(2.608902,100.703903,-6.243683,-0.931549,-0.182618,0.314432,-0.004868,0.870923,0.491396,-0.363584,0.456229,-0.812196),fov=50.000000,dt=0.018555},
	{cf=CFrame.new(2.658035,100.722260,-6.249939,-0.929013,-0.186014,0.319896,-0.004333,0.869883,0.493239,-0.370022,0.456840,-0.808938),fov=50.000000,dt=0.020087},
	{cf=CFrame.new(2.756241,100.758957,-6.262451,-0.923793,-0.192925,0.330736,-0.003275,0.867733,0.497020,-0.382879,0.458060,-0.802238),fov=50.000000,dt=0.036051},
	{cf=CFrame.new(2.847717,100.778351,-6.270172,-0.918957,-0.198607,0.340695,-0.002469,0.866805,0.498642,-0.394349,0.457390,-0.797047),fov=50.000000,dt=0.028330},
	{cf=CFrame.new(2.890121,100.779373,-6.271637,-0.916801,-0.200857,0.345154,-0.002250,0.866888,0.498497,-0.399337,0.456246,-0.795216),fov=50.000000,dt=0.022100},
	{cf=CFrame.new(2.932465,100.780411,-6.273132,-0.914583,-0.203125,0.349684,-0.002008,0.866971,0.498355,-0.404394,0.455084,-0.793325),fov=50.000000,dt=0.022363},
	{cf=CFrame.new(3.017212,100.782486,-6.276062,-0.910057,-0.207632,0.358727,-0.001546,0.867175,0.498002,-0.414480,0.452656,-0.789499),fov=50.000000,dt=0.024575},
	{cf=CFrame.new(3.101929,100.784561,-6.279022,-0.905451,-0.212086,0.367667,-0.001129,0.867415,0.497584,-0.424450,0.450122,-0.785641),fov=50.000000,dt=0.028306},
	{cf=CFrame.new(3.186584,100.786636,-6.281982,-0.900737,-0.216456,0.376589,-0.000610,0.867618,0.497231,-0.434364,0.447645,-0.781628),fov=50.000000,dt=0.046251},
	{cf=CFrame.new(3.313705,100.789749,-6.286438,-0.893455,-0.223080,0.389837,0.000024,0.867916,0.496711,-0.449152,0.443798,-0.775439),fov=50.000000,dt=0.050635},
	{cf=CFrame.new(3.440796,100.792847,-6.290894,-0.885923,-0.229565,0.403039,0.000715,0.868255,0.496118,-0.463832,0.439810,-0.769043),fov=50.000000,dt=0.050406},
	{cf=CFrame.new(3.567856,100.795944,-6.295319,-0.878132,-0.236007,0.416156,0.001404,0.868581,0.495545,-0.478417,0.435739,-0.762397),fov=50.000000,dt=0.043723},
	{cf=CFrame.new(3.668503,100.742691,-6.277863,-0.871928,-0.238572,0.427581,0.001583,0.871887,0.489704,-0.489632,0.427663,-0.759845),fov=50.000000,dt=0.034161},
	{cf=CFrame.new(3.769226,100.689438,-6.260406,-0.865565,-0.241022,0.438983,0.001659,0.875184,0.483788,-0.500795,0.419478,-0.757128),fov=50.000000,dt=0.028620},
	{cf=CFrame.new(3.869843,100.636169,-6.242950,-0.859043,-0.243394,0.450339,0.001681,0.878386,0.477948,-0.511901,0.411335,-0.754162),fov=50.000000,dt=0.040534},
	{cf=CFrame.new(3.970520,100.582901,-6.225494,-0.852408,-0.245630,0.461591,0.001578,0.881578,0.472036,-0.522875,0.403096,-0.751076),fov=50.000000,dt=0.033154},
	{cf=CFrame.new(4.071213,100.529648,-6.208130,-0.845628,-0.247689,0.472825,0.001477,0.884729,0.466104,-0.533771,0.394849,-0.747786),fov=50.000000,dt=0.036063},
	{cf=CFrame.new(4.171875,100.476379,-6.190704,-0.838680,-0.249729,0.483995,0.001218,0.887815,0.460200,-0.544623,0.386550,-0.744288),fov=50.000000,dt=0.030937},
	{cf=CFrame.new(4.322906,100.396500,-6.164551,-0.828049,-0.252468,0.500594,0.000690,0.892414,0.451217,-0.560655,0.373975,-0.738789),fov=50.000000,dt=0.045415},
	{cf=CFrame.new(4.423553,100.343231,-6.147064,-0.820773,-0.254143,0.511609,0.000267,0.895417,0.445228,-0.571255,0.365568,-0.734866),fov=50.000000,dt=0.032935},
	{cf=CFrame.new(4.513580,100.113998,-6.195435,-0.817787,-0.243717,0.521369,-0.000080,0.905957,0.423370,-0.575520,0.346185,-0.740900),fov=50.000000,dt=0.025761},
	{cf=CFrame.new(4.553268,99.911407,-6.252502,-0.818512,-0.232387,0.525390,-0.000124,0.914605,0.404349,-0.574490,0.330899,-0.748644),fov=50.000000,dt=0.032798},
	{cf=CFrame.new(4.672272,99.303619,-6.423798,-0.820585,-0.197922,0.536160,-0.000098,0.938171,0.346173,-0.571525,0.284012,-0.769868),fov=50.000000,dt=0.042688},
	{cf=CFrame.new(4.882126,98.352829,-6.771790,-0.815303,-0.026028,0.578450,0.000134,0.998981,0.045139,-0.579035,0.036880,-0.814468),fov=50.000000,dt=0.043587},
	{cf=CFrame.new(5.263000,99.772354,-7.444183,-0.816458,0.003141,0.577396,-0.001683,0.999968,-0.007819,-0.577403,-0.007356,-0.816427),fov=50.000000,dt=0.034222},
	{cf=CFrame.new(5.385056,100.622482,-7.785095,-0.831283,0.026364,0.555225,-0.002288,0.998704,-0.050848,-0.555845,-0.043539,-0.830145),fov=50.000000,dt=0.027395},
	{cf=CFrame.new(5.700897,102.512177,-8.631470,-0.861459,0.067555,0.503314,0.000009,0.991115,-0.133011,-0.507827,-0.114579,-0.853805),fov=50.000000,dt=0.035962},
	{cf=CFrame.new(5.772552,102.701614,-8.795959,-0.863592,0.065368,0.499935,0.000061,0.991574,-0.129545,-0.504191,-0.111844,-0.856319),fov=50.000000,dt=0.024288},
	{cf=CFrame.new(5.915848,103.080505,-9.125000,-0.867854,0.060921,0.493070,0.000068,0.992468,-0.122505,-0.496820,-0.106283,-0.861321),fov=50.000000,dt=0.029780},
	{cf=CFrame.new(5.987503,103.269943,-9.289490,-0.869981,0.058681,0.489581,-0.000003,0.992893,-0.119013,-0.493085,-0.103541,-0.863798),fov=50.000000,dt=0.028874},
	{cf=CFrame.new(6.277451,103.697983,-9.871033,-0.872604,0.051516,0.485705,0.000150,0.994451,-0.105205,-0.488429,-0.091730,-0.867769),fov=50.000000,dt=0.029081},
	{cf=CFrame.new(6.567383,104.126022,-10.452606,-0.875230,0.044385,0.481666,0.000255,0.995823,-0.091300,-0.483707,-0.079785,-0.871586),fov=50.000000,dt=0.031211},
	{cf=CFrame.new(6.857315,104.554077,-11.034119,-0.877816,0.037333,0.477541,0.000261,0.996995,-0.077464,-0.478998,-0.067875,-0.875188),fov=50.000000,dt=0.031920},
	{cf=CFrame.new(7.147247,104.982117,-11.615631,-0.880405,0.030320,0.473253,0.000216,0.997980,-0.063535,-0.474224,-0.055834,-0.878632),fov=50.000000,dt=0.027845},
	{cf=CFrame.new(7.292252,105.196136,-11.906433,-0.881662,0.026847,0.471117,0.000153,0.998396,-0.056609,-0.471881,-0.049838,-0.880253),fov=50.000000,dt=0.022172},
	{cf=CFrame.new(7.582184,105.624176,-12.487946,-0.884189,0.019926,0.466704,-0.000006,0.999089,-0.042668,-0.467129,-0.037729,-0.883384),fov=50.000000,dt=0.026198},
	{cf=CFrame.new(7.658783,105.670364,-12.695984,-0.885091,0.022557,0.464872,-0.000042,0.998821,-0.048546,-0.465419,-0.042987,-0.884046),fov=50.000000,dt=0.038598},
	{cf=CFrame.new(7.850204,105.785812,-13.216187,-0.887277,0.029114,0.460317,-0.000022,0.998003,-0.063164,-0.461237,-0.056054,-0.885505),fov=50.000000,dt=0.081031},
	{cf=CFrame.new(7.926819,105.832001,-13.424225,-0.888160,0.031623,0.458445,-0.000103,0.997616,-0.069014,-0.459534,-0.061343,-0.886039),fov=50.000000,dt=0.035395},
	{cf=CFrame.new(7.927002,105.928268,-13.410034,-0.888018,0.033520,0.458585,0.000009,0.997341,-0.072883,-0.459808,-0.064717,-0.885657),fov=50.000000,dt=0.038911},
	{cf=CFrame.new(7.927231,106.024521,-13.395813,-0.887876,0.035333,0.458724,0.000036,0.997052,-0.076728,-0.460082,-0.068109,-0.885260),fov=50.000000,dt=0.031910},
	{cf=CFrame.new(7.927414,106.120773,-13.381531,-0.887733,0.037165,0.458855,0.000039,0.996742,-0.080656,-0.460358,-0.071583,-0.884843),fov=50.000000,dt=0.037649},
	{cf=CFrame.new(7.927673,106.265182,-13.360199,-0.887538,0.039894,0.459004,0.000066,0.996255,-0.086463,-0.460734,-0.076709,-0.884217),fov=50.000000,dt=0.036854},
	{cf=CFrame.new(7.927750,106.313309,-13.353088,-0.887486,0.040791,0.459026,0.000090,0.996090,-0.088342,-0.460835,-0.078361,-0.884020),fov=50.000000,dt=0.027326},
	{cf=CFrame.new(7.927963,106.409561,-13.338867,-0.887340,0.042607,0.459143,0.000112,0.995742,-0.092184,-0.461116,-0.081747,-0.883567),fov=50.000000,dt=0.031993},
	{cf=CFrame.new(7.928131,106.505814,-13.324646,-0.887193,0.044442,0.459253,0.000110,0.995371,-0.096108,-0.461398,-0.085215,-0.883091),fov=50.000000,dt=0.025581},
	{cf=CFrame.new(8.232254,107.102676,-13.829956,-0.885334,0.047308,0.462543,0.000166,0.994842,-0.101433,-0.464956,-0.089725,-0.880776),fov=50.000000,dt=0.039684},
	{cf=CFrame.new(8.536362,107.699539,-14.335266,-0.883460,0.050128,0.465817,0.000095,0.994279,-0.106817,-0.468507,-0.094324,-0.878410),fov=50.000000,dt=0.031409},
	{cf=CFrame.new(8.840469,108.296402,-14.840576,-0.881566,0.053030,0.469072,0.000107,0.993693,-0.112138,-0.472061,-0.098807,-0.876011),fov=50.000000,dt=0.033967},
	{cf=CFrame.new(9.144562,108.893265,-15.345886,-0.879658,0.055884,0.472312,-0.000009,0.993071,-0.117518,-0.475607,-0.103380,-0.873562),fov=50.000000,dt=0.027201},
	{cf=CFrame.new(10.126907,109.158981,-18.435394,-0.886723,0.059533,0.458452,-0.000437,0.991565,-0.129607,-0.462301,-0.115126,-0.879218),fov=50.000000,dt=0.024790},
	{cf=CFrame.new(12.091614,109.690353,-24.614502,-0.900305,0.066214,0.430193,-0.000838,0.988096,-0.153838,-0.435258,-0.138861,-0.889532),fov=50.000000,dt=0.036680},
	{cf=CFrame.new(15.107101,110.211411,-36.023804,-0.925981,0.077956,0.369435,-0.001013,0.977937,-0.208898,-0.377569,-0.193810,-0.905472),fov=50.000000,dt=0.059277},
	{cf=CFrame.new(15.312363,109.383224,-42.445526,-0.944936,0.084918,0.316045,-0.002056,0.964187,-0.265215,-0.327248,-0.251261,-0.910921),fov=50.000000,dt=0.056963},
	{cf=CFrame.new(15.350586,108.761612,-50.270569,-0.963101,0.086020,0.255026,0.000058,0.947616,-0.319412,-0.269143,-0.307611,-0.912654),fov=50.000000,dt=0.061916},
	{cf=CFrame.new(15.016571,109.174744,-53.077057,-0.966897,0.081022,0.241965,0.000197,0.948488,-0.316813,-0.255169,-0.306278,-0.917106),fov=50.000000,dt=0.037133},
	{cf=CFrame.new(14.515594,109.794434,-57.286804,-0.972196,0.073506,0.222332,0.000216,0.949736,-0.313051,-0.234168,-0.304299,-0.923346),fov=50.000000,dt=0.043744},
	{cf=CFrame.new(14.014633,110.414124,-61.496552,-0.977048,0.066106,0.202504,0.000266,0.951008,-0.309167,-0.213021,-0.302017,-0.929197),fov=50.000000,dt=0.044524},
	{cf=CFrame.new(13.847641,110.620682,-62.899811,-0.978553,0.063581,0.195941,0.000160,0.951411,-0.307924,-0.205999,-0.301288,-0.931016),fov=50.000000,dt=0.028311},
	{cf=CFrame.new(13.513657,111.033813,-65.706299,-0.981436,0.058683,0.182593,0.000137,0.952255,-0.305305,-0.191791,-0.299612,-0.934585),fov=50.000000,dt=0.024537},
	{cf=CFrame.new(13.179642,111.446945,-68.512817,-0.984098,0.053747,0.169300,-0.000036,0.953063,-0.302773,-0.177627,-0.297965,-0.937905),fov=50.000000,dt=0.036181},
	{cf=CFrame.new(12.479675,110.440689,-69.114349,-0.986128,0.051739,0.157718,-0.000479,0.949288,-0.314409,-0.165987,-0.310123,-0.936094),fov=50.000000,dt=0.033043},
	{cf=CFrame.new(11.779617,109.434418,-69.715820,-0.988021,0.049507,0.146165,-0.000874,0.945336,-0.326097,-0.154319,-0.322318,-0.933968),fov=50.000000,dt=0.031746},
	{cf=CFrame.new(11.429672,108.931290,-70.016632,-0.988915,0.048334,0.140398,-0.001013,0.943317,-0.331891,-0.148481,-0.328355,-0.932811),fov=50.000000,dt=0.019870},
	{cf=CFrame.new(11.079666,108.428146,-70.317413,-0.989786,0.047108,0.134553,-0.001094,0.941290,-0.337598,-0.142557,-0.334297,-0.931624),fov=50.000000,dt=0.024399},
	{cf=CFrame.new(10.379700,107.421890,-70.918884,-0.991399,0.044584,0.123047,-0.001195,0.937064,-0.349156,-0.130870,-0.346300,-0.928951),fov=50.000000,dt=0.029897},
	{cf=CFrame.new(9.679733,106.415634,-71.520447,-0.992881,0.041985,0.111469,-0.001045,0.932716,-0.360611,-0.119109,-0.358160,-0.926032),fov=50.000000,dt=0.033621},
	{cf=CFrame.new(8.979736,105.409378,-72.121948,-0.994223,0.039158,0.099935,-0.000836,0.928221,-0.372029,-0.107330,-0.369963,-0.922826),fov=50.000000,dt=0.021718},
	{cf=CFrame.new(8.279724,104.403122,-72.723450,-0.995416,0.036207,0.088518,-0.000501,0.923577,-0.383413,-0.095635,-0.381700,-0.919326),fov=50.000000,dt=0.033841},
	{cf=CFrame.new(7.579727,103.396866,-73.325012,-0.996478,0.033096,0.077050,-0.000001,0.918818,-0.394681,-0.083857,-0.393291,-0.915582),fov=50.000000,dt=0.040129},
	{cf=CFrame.new(25.080902,109.933395,-172.847412,-0.991586,0.048601,0.119983,0.000032,0.926942,-0.375205,-0.129453,-0.372044,-0.919144),fov=52.500000,dt=0.048431},
	{cf=CFrame.new(31.353531,112.029251,-214.477783,-0.992795,0.045618,0.110801,0.000044,0.924835,-0.380368,-0.119824,-0.377623,-0.918174),fov=55.000000,dt=0.048006},
	{cf=CFrame.new(33.705658,110.564346,-229.312622,-0.991387,0.049372,0.121306,0.000016,0.926268,-0.376865,-0.130969,-0.373617,-0.918291),fov=55.000000,dt=0.049000},
	{cf=CFrame.new(34.657883,110.043991,-233.940430,-0.990259,0.052183,0.129092,0.000021,0.927175,-0.374629,-0.139240,-0.370977,-0.918144),fov=55.000000,dt=0.020328},
	{cf=CFrame.new(34.553223,109.848465,-235.177917,-0.986916,0.060913,0.149289,0.000066,0.926047,-0.377407,-0.161237,-0.372459,-0.913935),fov=55.000000,dt=0.021375},
	{cf=CFrame.new(34.667755,109.547134,-237.381592,-0.983790,0.068709,0.165641,0.000028,0.923745,-0.383009,-0.179326,-0.376796,-0.908772),fov=55.000000,dt=0.030433},
	{cf=CFrame.new(35.106125,109.335617,-239.313782,-0.985165,0.066719,0.158111,0.000040,0.921419,-0.388569,-0.171612,-0.382799,-0.907752),fov=55.000000,dt=0.026457},
	{cf=CFrame.new(35.325211,109.229843,-240.279846,-0.985826,0.065792,0.154332,0.000147,0.920239,-0.391356,-0.167770,-0.385787,-0.907206),fov=55.000000,dt=0.026853},
	{cf=CFrame.new(37.040833,107.110336,-250.941833,-0.986172,0.065383,0.152280,0.000068,0.919042,-0.394159,-0.165723,-0.388698,-0.906338),fov=55.000000,dt=0.032473},
	{cf=CFrame.new(38.756561,104.990829,-261.603943,-0.986511,0.065052,0.150213,0.000078,0.917833,-0.396967,-0.163694,-0.391601,-0.905457),fov=55.000000,dt=0.024422},
	{cf=CFrame.new(40.219360,103.239120,-270.700073,-0.986791,0.064757,0.148494,0.000079,0.916824,-0.399291,-0.161999,-0.394005,-0.904719),fov=55.000000,dt=0.047382},
	{cf=CFrame.new(41.429245,101.855225,-278.230408,-0.987013,0.064509,0.147119,0.000050,0.915950,-0.401292,-0.160640,-0.396073,-0.904058),fov=55.000000,dt=0.027260},
	{cf=CFrame.new(42.639130,100.471329,-285.760803,-0.987233,0.064253,0.145746,0.000033,0.915107,-0.403212,-0.159281,-0.398059,-0.903426),fov=55.000000,dt=0.025118},
	{cf=CFrame.new(43.525726,99.520035,-291.285583,-0.987385,0.064057,0.144806,-0.000018,0.914472,-0.404648,-0.158341,-0.399546,-0.902935),fov=55.000000,dt=0.032286},
	{cf=CFrame.new(43.981293,99.235489,-294.146057,-0.987438,0.064026,0.144452,-0.000027,0.914153,-0.405371,-0.158006,-0.400282,-0.902668),fov=55.000000,dt=0.032382},
	{cf=CFrame.new(44.155228,99.210236,-295.246948,-0.987452,0.064022,0.144362,-0.000036,0.914046,-0.405611,-0.157922,-0.400527,-0.902574),fov=55.000000,dt=0.028523},
	{cf=CFrame.new(44.503235,99.159760,-297.448975,-0.987476,0.064103,0.144163,0.000021,0.913793,-0.406181,-0.157772,-0.401091,-0.902349),fov=55.000000,dt=0.023823},
	{cf=CFrame.new(44.851135,99.109268,-299.650879,-0.987502,0.064099,0.143981,-0.000006,0.913543,-0.406742,-0.157605,-0.401660,-0.902126),fov=55.000000,dt=0.031835},
	{cf=CFrame.new(44.917389,99.318115,-300.093323,-0.987476,0.064139,0.144147,-0.000052,0.913507,-0.406823,-0.157772,-0.401735,-0.902063),fov=55.000000,dt=0.032249},
	{cf=CFrame.new(44.983658,99.526962,-300.535706,-0.987460,0.064245,0.144211,0.000005,0.913468,-0.406911,-0.157874,-0.401807,-0.902013),fov=55.000000,dt=0.034901},
	{cf=CFrame.new(45.049942,99.735794,-300.978088,-0.987446,0.064268,0.144293,-0.000022,0.913432,-0.406991,-0.157958,-0.401885,-0.901963),fov=55.000000,dt=0.041211},
	{cf=CFrame.new(45.030518,100.076889,-300.880737,-0.987429,0.064374,0.144356,0.000035,0.913393,-0.407080,-0.158059,-0.401958,-0.901913),fov=55.000000,dt=0.030494},
	{cf=CFrame.new(44.925430,100.550217,-300.243591,-0.987416,0.064392,0.144440,0.000017,0.913393,-0.407080,-0.158143,-0.401955,-0.901900),fov=55.000000,dt=0.029514},
	{cf=CFrame.new(44.820282,101.023544,-299.606384,-0.987403,0.064415,0.144522,-0.000010,0.913357,-0.407160,-0.158227,-0.402032,-0.901850),fov=55.000000,dt=0.038245},
	{cf=CFrame.new(44.306885,102.489914,-296.426575,-0.987389,0.064432,0.144606,-0.000028,0.913357,-0.407160,-0.158311,-0.402029,-0.901837),fov=55.000000,dt=0.050512},
	{cf=CFrame.new(43.615509,104.334457,-292.134644,-0.987373,0.064539,0.144669,0.000029,0.913317,-0.407248,-0.158412,-0.402102,-0.901787),fov=55.000000,dt=0.046147},
	{cf=CFrame.new(65.244446,125.378220,-330.070923,-0.981596,0.074562,0.175810,-0.000509,0.919602,-0.392850,-0.190967,-0.385710,-0.902640),fov=58.333332,dt=0.041461},
	{cf=CFrame.new(108.963043,166.236038,-408.804749,-0.966810,0.092946,0.237991,0.000016,0.931504,-0.363731,-0.255497,-0.351654,-0.900589),fov=65.000000,dt=0.032919},
	{cf=CFrame.new(115.113647,160.298416,-434.007874,-0.957156,0.099210,0.272047,-0.000045,0.939428,-0.342747,-0.289573,-0.328075,-0.899174),fov=65.000000,dt=0.025264},
	{cf=CFrame.new(120.690155,153.514175,-457.554810,-0.966582,0.097529,0.237080,0.000026,0.924842,-0.380351,-0.256357,-0.367635,-0.893938),fov=65.000000,dt=0.034968},
	{cf=CFrame.new(122.473389,151.623520,-465.086182,-0.966595,0.100572,0.235753,-0.000033,0.919751,-0.392502,-0.256309,-0.379398,-0.889024),fov=65.000000,dt=0.024876},
	{cf=CFrame.new(125.744720,147.802368,-480.113281,-0.962019,0.105068,0.251955,-0.000193,0.922702,-0.385513,-0.272984,-0.370919,-0.887637),fov=65.000000,dt=0.026825},
	{cf=CFrame.new(129.101166,144.119110,-494.384399,-0.962084,0.103773,0.252242,-0.000135,0.924615,-0.380902,-0.272754,-0.366494,-0.889543),fov=65.000000,dt=0.039384},
	{cf=CFrame.new(131.353699,141.737610,-503.928101,-0.967994,0.097885,0.231099,-0.000031,0.920760,-0.390130,-0.250974,-0.377651,-0.891287),fov=65.000000,dt=0.026099},
	{cf=CFrame.new(131.737946,141.108887,-506.696472,-0.969275,0.094652,0.227041,0.000014,0.923025,-0.384739,-0.245981,-0.372915,-0.894666),fov=65.000000,dt=0.026733},
	{cf=CFrame.new(134.651398,138.167816,-519.577942,-0.968651,0.098488,0.228069,0.000021,0.918090,-0.396371,-0.248426,-0.383941,-0.889311),fov=65.000000,dt=0.035664},
	{cf=CFrame.new(136.431732,136.444260,-527.135132,-0.967791,0.102142,0.230103,-0.000017,0.913971,-0.405779,-0.251754,-0.392714,-0.884531),fov=65.000000,dt=0.034795},
	{cf=CFrame.new(137.463226,135.309509,-532.136353,-0.967954,0.102378,0.229312,-0.000035,0.913073,-0.407796,-0.251128,-0.394736,-0.883809),fov=65.000000,dt=0.034857},
	{cf=CFrame.new(138.494629,134.174759,-537.137695,-0.968095,0.102622,0.228608,-0.000057,0.912206,-0.409732,-0.250585,-0.396672,-0.883096),fov=65.000000,dt=0.036659},
	{cf=CFrame.new(139.268982,133.304489,-540.999329,-0.968171,0.102869,0.228173,-0.000054,0.911550,-0.411189,-0.250290,-0.398114,-0.882531),fov=65.000000,dt=0.039384},
	{cf=CFrame.new(139.786438,132.698730,-543.721313,-0.968140,0.103154,0.228174,-0.000064,0.911108,-0.412168,-0.250408,-0.399051,-0.882074),fov=65.000000,dt=0.034646},
	{cf=CFrame.new(140.303802,132.092972,-546.443298,-0.968106,0.103523,0.228156,0.000010,0.910659,-0.413159,-0.250544,-0.399979,-0.881615),fov=65.000000,dt=0.033045},
	{cf=CFrame.new(141.079987,131.184326,-550.526428,-0.968070,0.103942,0.228116,0.000004,0.909992,-0.414626,-0.250681,-0.401386,-0.880936),fov=65.000000,dt=0.037989},
	{cf=CFrame.new(141.558411,130.614075,-553.102295,-0.968018,0.104237,0.228202,-0.000012,0.909582,-0.415524,-0.250881,-0.402237,-0.880491),fov=65.000000,dt=0.032239},
	{cf=CFrame.new(141.998016,130.079361,-555.532043,-0.967944,0.104550,0.228371,-0.000046,0.909172,-0.416421,-0.251165,-0.403083,-0.880023),fov=65.000000,dt=0.035458},
	{cf=CFrame.new(142.437653,129.544647,-557.961792,-0.967866,0.104939,0.228525,0.000015,0.908791,-0.417252,-0.251467,-0.403840,-0.879590),fov=65.000000,dt=0.037222},
	{cf=CFrame.new(142.920532,128.940063,-560.731323,-0.967723,0.105390,0.228922,0.000008,0.908373,-0.418161,-0.252017,-0.404662,-0.879054),fov=65.000000,dt=0.038786},
	{cf=CFrame.new(143.446747,128.265625,-563.840454,-0.967532,0.105971,0.229461,0.000032,0.907912,-0.419161,-0.252749,-0.405545,-0.878437),fov=65.000000,dt=0.025479},
	{cf=CFrame.new(143.709808,127.928391,-565.394958,-0.967436,0.106269,0.229726,0.000030,0.907644,-0.419741,-0.253115,-0.406066,-0.878091),fov=65.000000,dt=0.024915},
	{cf=CFrame.new(144.236023,127.253952,-568.504150,-0.967244,0.106851,0.230264,0.000053,0.907181,-0.420741,-0.253848,-0.406947,-0.877471),fov=65.000000,dt=0.032296},
	{cf=CFrame.new(144.762268,126.579514,-571.613281,-0.967034,0.107367,0.230904,-0.000027,0.906722,-0.421728,-0.254645,-0.407832,-0.876829),fov=65.000000,dt=0.034430},
	{cf=CFrame.new(145.288422,125.905075,-574.722412,-0.966842,0.107950,0.231440,-0.000006,0.906257,-0.422727,-0.255377,-0.408712,-0.876206),fov=65.000000,dt=0.024730},
	{cf=CFrame.new(145.616486,125.465775,-576.770691,-0.966674,0.108397,0.231929,0.000004,0.905944,-0.423397,-0.256009,-0.409286,-0.875753),fov=65.000000,dt=0.033193},
	{cf=CFrame.new(145.746460,125.261612,-577.758118,-0.966512,0.108718,0.232455,-0.000003,0.905822,-0.423659,-0.256622,-0.409472,-0.875487),fov=65.000000,dt=0.036902},
	{cf=CFrame.new(145.876373,125.057419,-578.745544,-0.966348,0.109039,0.232983,-0.000010,0.905699,-0.423921,-0.257236,-0.409658,-0.875220),fov=65.000000,dt=0.034000},
	{cf=CFrame.new(146.071320,124.751175,-580.226562,-0.966114,0.109517,0.233730,-0.000018,0.905497,-0.424354,-0.258115,-0.409978,-0.874811),fov=65.000000,dt=0.041914},
	{cf=CFrame.new(146.201294,124.547012,-581.213928,-0.965950,0.109838,0.234256,-0.000025,0.905374,-0.424616,-0.258728,-0.410163,-0.874543),fov=65.000000,dt=0.036515},
	{cf=CFrame.new(146.331238,124.342819,-582.201416,-0.965786,0.110160,0.234782,-0.000033,0.905251,-0.424877,-0.259341,-0.410348,-0.874275),fov=65.000000,dt=0.038231},
	{cf=CFrame.new(146.461212,124.138657,-583.188721,-0.965621,0.110482,0.235309,-0.000040,0.905128,-0.425139,-0.259955,-0.410533,-0.874006),fov=65.000000,dt=0.033559},
	{cf=CFrame.new(146.526093,124.036575,-583.682434,-0.965550,0.110629,0.235532,-0.000028,0.905085,-0.425231,-0.260219,-0.410588,-0.873902),fov=65.000000,dt=0.022336},
	{cf=CFrame.new(146.624786,123.881638,-584.431702,-0.965428,0.110915,0.235894,0.000002,0.904962,-0.425493,-0.260669,-0.410782,-0.873676),fov=65.000000,dt=0.036888},
	{cf=CFrame.new(146.658417,123.828796,-584.687195,-0.965379,0.111035,0.236040,0.000047,0.904956,-0.425505,-0.260851,-0.410763,-0.873631),fov=65.000000,dt=0.041648},
	{cf=CFrame.new(146.692047,123.775955,-584.942871,-0.965334,0.111081,0.236201,-0.000005,0.904919,-0.425584,-0.261017,-0.410832,-0.873549),fov=65.000000,dt=0.030562},
	{cf=CFrame.new(146.742523,123.696686,-585.326294,-0.965285,0.111210,0.236342,0.000027,0.904876,-0.425676,-0.261199,-0.410892,-0.873466),fov=65.000000,dt=0.043457},
	{cf=CFrame.new(146.776123,123.643845,-585.581726,-0.965240,0.111255,0.236502,-0.000025,0.904839,-0.425755,-0.261364,-0.410962,-0.873384),fov=65.000000,dt=0.042096},
	{cf=CFrame.new(146.809753,123.590988,-585.837341,-0.965191,0.111384,0.236643,0.000006,0.904796,-0.425846,-0.261546,-0.411021,-0.873301),fov=65.000000,dt=0.029891},
	{cf=CFrame.new(146.843414,123.538162,-586.092834,-0.965146,0.111430,0.236804,-0.000045,0.904758,-0.425925,-0.261711,-0.411091,-0.873219),fov=65.000000,dt=0.038524},
	{cf=CFrame.new(146.867706,123.500015,-586.277405,-0.965119,0.111532,0.236867,0.000019,0.904752,-0.425938,-0.261811,-0.411076,-0.873196),fov=65.000000,dt=0.039406},
	{cf=CFrame.new(146.883881,123.474564,-586.400330,-0.965097,0.111559,0.236946,-0.000014,0.904715,-0.426017,-0.261894,-0.411151,-0.873136),fov=65.000000,dt=0.038015},
	{cf=CFrame.new(146.908234,123.436417,-586.584900,-0.965074,0.111577,0.237027,-0.000033,0.904715,-0.426017,-0.261976,-0.411146,-0.873114),fov=65.000000,dt=0.046305},
	{cf=CFrame.new(146.932556,123.398270,-586.769287,-0.965047,0.111688,0.237087,0.000017,0.904672,-0.426108,-0.262078,-0.411210,-0.873053),fov=65.000000,dt=0.051556},
	{cf=CFrame.new(146.948700,123.372833,-586.892334,-0.965025,0.111707,0.237169,-0.000002,0.904672,-0.426108,-0.262159,-0.411205,-0.873031),fov=65.000000,dt=0.030118},
	{cf=CFrame.new(146.956757,123.360123,-586.953918,-0.965025,0.111707,0.237169,-0.000002,0.904672,-0.426108,-0.262159,-0.411205,-0.873031),fov=65.000000,dt=0.030492},
	{cf=CFrame.new(146.972961,123.334686,-587.076843,-0.965003,0.111734,0.237247,-0.000035,0.904635,-0.426187,-0.262242,-0.411280,-0.872971),fov=65.000000,dt=0.025695},
	{cf=CFrame.new(0.006180,97.755417,-3.055725,-0.997562,-0.019294,-0.067066,-0.000008,0.961052,-0.276367,0.069786,-0.275693,-0.958709),fov=40.000000,dt=0.031821},
	{cf=CFrame.new(0.063614,97.624680,-3.199554,-0.998802,-0.014087,-0.046860,0.001014,0.951499,-0.307649,0.048921,-0.307328,-0.950345),fov=40.645161,dt=0.032509},
	{cf=CFrame.new(0.121033,97.493942,-3.343445,-0.999604,-0.008231,-0.026900,0.001366,0.940913,-0.338645,0.028098,-0.338547,-0.940530),fov=41.290321,dt=0.033581},
	{cf=CFrame.new(0.146744,97.404648,-3.458160,-0.999869,-0.004558,-0.015531,0.001274,0.934380,-0.356275,0.016136,-0.356248,-0.934252),fov=41.935482,dt=0.032576},
	{cf=CFrame.new(0.143784,97.380722,-3.500946,-0.999892,-0.004106,-0.014110,0.001226,0.933532,-0.358493,0.014644,-0.358472,-0.933426),fov=42.258064,dt=0.028730},
	{cf=CFrame.new(0.137848,97.332901,-3.586426,-0.999931,-0.003122,-0.011372,0.001218,0.931817,-0.362926,0.011730,-0.362915,-0.931749),fov=42.903225,dt=0.030375},
	{cf=CFrame.new(0.128967,97.261154,-3.714630,-0.999973,-0.001642,-0.007138,0.001112,0.929172,-0.369647,0.007239,-0.369645,-0.929145),fov=43.870964,dt=0.038177},
	{cf=CFrame.new(0.123032,97.213318,-3.800171,-0.999991,-0.000609,-0.004326,0.001053,0.927402,-0.374066,0.004240,-0.374067,-0.927392),fov=44.516129,dt=0.046743},
	{cf=CFrame.new(0.116821,97.147430,-3.920776,-0.999999,0.000698,-0.000950,0.001006,0.925174,-0.379541,0.000614,-0.379542,-0.925174),fov=45.483871,dt=0.041998},
	{cf=CFrame.new(0.113647,97.105453,-3.998688,-0.999999,0.001450,0.001028,0.000947,0.923862,-0.382724,-0.001505,-0.382722,-0.923863),fov=46.129028,dt=0.031740},
	{cf=CFrame.new(0.110397,97.063492,-4.076538,-0.999993,0.002225,0.003089,0.000860,0.922505,-0.385984,-0.003708,-0.385979,-0.922500),fov=46.774193,dt=0.031594},
	{cf=CFrame.new(0.108780,97.042496,-4.115448,-0.999989,0.002566,0.004083,0.000783,0.921856,-0.387531,-0.004759,-0.387523,-0.921848),fov=47.096779,dt=0.026334},
	{cf=CFrame.new(0.105515,97.000534,-4.193359,-0.999976,0.003334,0.006055,0.000702,0.920481,-0.390786,-0.006877,-0.390773,-0.920461),fov=47.741936,dt=0.032933},
	{cf=CFrame.new(0.102280,96.958557,-4.271179,-0.999959,0.004110,0.008025,0.000617,0.919128,-0.393957,-0.008995,-0.393937,-0.919093),fov=48.387100,dt=0.025354},
	{cf=CFrame.new(0.100662,96.937576,-4.310150,-0.999949,0.004543,0.008999,0.000612,0.918430,-0.395583,-0.010062,-0.395558,-0.918386),fov=48.709679,dt=0.025493},
	{cf=CFrame.new(0.095825,96.874619,-4.426941,-0.999911,0.005700,0.012040,0.000403,0.916353,-0.400371,-0.013315,-0.400330,-0.916274),fov=49.677414,dt=0.049801},
	{cf=CFrame.new(0.093918,96.835587,-4.501007,-0.999888,0.006334,0.013592,0.000321,0.915251,-0.402883,-0.014992,-0.402834,-0.915151),fov=50.000000,dt=0.033952},
	{cf=CFrame.new(0.093109,96.781418,-4.606415,-0.999857,0.007103,0.015381,0.000249,0.913926,-0.405880,-0.016940,-0.405818,-0.913797),fov=50.000000,dt=0.040994},
	{cf=CFrame.new(0.092560,96.745316,-4.676575,-0.999833,0.007598,0.016607,0.000165,0.913061,-0.407822,-0.018262,-0.407751,-0.912910),fov=50.000000,dt=0.033587},
	{cf=CFrame.new(0.091751,96.691147,-4.781921,-0.999796,0.008377,0.018392,0.000082,0.911719,-0.410814,-0.020210,-0.410728,-0.911534),fov=50.000000,dt=0.052082},
	{cf=CFrame.new(0.095215,96.625107,-4.916840,-0.999770,0.008943,0.019513,0.000087,0.910769,-0.412916,-0.021465,-0.412819,-0.910560),fov=50.000000,dt=0.043170},
	{cf=CFrame.new(0.098938,96.577118,-5.016663,-0.999755,0.009245,0.020157,0.000071,0.910292,-0.413966,-0.022176,-0.413863,-0.910070),fov=50.000000,dt=0.040564},
	{cf=CFrame.new(0.102615,96.529129,-5.116425,-0.999740,0.009528,0.020718,0.000069,0.909778,-0.415096,-0.022804,-0.414987,-0.909542),fov=50.000000,dt=0.033147},
	{cf=CFrame.new(0.108215,96.457169,-5.266083,-0.999717,0.009965,0.021599,0.000058,0.909039,-0.416711,-0.023787,-0.416591,-0.908783),fov=50.000000,dt=0.054073},
	{cf=CFrame.new(0.110092,96.433167,-5.316010,-0.999711,0.010098,0.021837,0.000065,0.908780,-0.417275,-0.024059,-0.417153,-0.908518),fov=50.000000,dt=0.020394},
	{cf=CFrame.new(0.113831,96.385178,-5.415802,-0.999693,0.010402,0.022481,0.000042,0.908261,-0.418404,-0.024770,-0.418275,-0.907983),fov=50.000000,dt=0.028209},
	{cf=CFrame.new(0.115158,96.267990,-5.646515,-0.999680,0.010591,0.022971,-0.000010,0.907964,-0.419049,-0.025295,-0.418915,-0.907673),fov=50.000000,dt=0.032090},
	{cf=CFrame.new(0.114197,96.081589,-6.008240,-0.999671,0.010747,0.023291,-0.000006,0.907888,-0.419212,-0.025651,-0.419074,-0.907590),fov=50.000000,dt=0.037132},
	{cf=CFrame.new(0.113174,95.895187,-6.369904,-0.999660,0.010923,0.023694,-0.000021,0.907813,-0.419375,-0.026091,-0.419233,-0.907504),fov=50.000000,dt=0.034364},
	{cf=CFrame.new(0.112152,95.708786,-6.731628,-0.999647,0.011182,0.024080,0.000048,0.907736,-0.419541,-0.026550,-0.419392,-0.907417),fov=50.000000,dt=0.027422},
	{cf=CFrame.new(0.111115,95.522385,-7.093323,-0.999636,0.011358,0.024484,0.000033,0.907661,-0.419705,-0.026990,-0.419551,-0.907331),fov=50.000000,dt=0.031404},
	{cf=CFrame.new(0.110153,95.335968,-7.455017,-0.999624,0.011533,0.024888,0.000018,0.907585,-0.419868,-0.027430,-0.419710,-0.907244),fov=50.000000,dt=0.037918},
	{cf=CFrame.new(0.105850,95.073318,-7.959839,-0.999619,0.011576,0.025054,0.000004,0.907845,-0.419307,-0.027599,-0.419147,-0.907499),fov=50.000000,dt=0.032561},
	{cf=CFrame.new(0.098206,94.734406,-8.607697,-0.999620,0.011503,0.025067,-0.000031,0.908401,-0.418101,-0.027580,-0.417942,-0.908055),fov=50.000000,dt=0.025290},
	{cf=CFrame.new(0.094345,94.564957,-8.931610,-0.999620,0.011509,0.025065,-0.000005,0.908696,-0.417459,-0.027581,-0.417300,-0.908350),fov=50.000000,dt=0.030695},
	{cf=CFrame.new(0.082870,94.056595,-9.903442,-0.999620,0.011442,0.025075,-0.000015,0.909543,-0.415610,-0.027562,-0.415452,-0.909197),fov=50.000000,dt=0.036511},
	{cf=CFrame.new(0.075226,93.717682,-10.551300,-0.999620,0.011453,0.025070,0.000034,0.910092,-0.414405,-0.027562,-0.414247,-0.909747),fov=50.000000,dt=0.034913},
	{cf=CFrame.new(0.067566,93.378769,-11.199127,-0.999621,0.011380,0.025083,-0.000001,0.910642,-0.413197,-0.027544,-0.413040,-0.910296),fov=50.000000,dt=0.035109},
	{cf=CFrame.new(0.066681,93.169174,-11.614410,-0.999621,0.011386,0.025080,0.000025,0.910933,-0.412554,-0.027544,-0.412397,-0.910588),fov=50.000000,dt=0.035591},
	{cf=CFrame.new(0.065811,92.959595,-12.029694,-0.999621,0.011307,0.025096,-0.000036,0.911189,-0.411988,-0.027526,-0.411833,-0.910844),fov=50.000000,dt=0.028537},
	{cf=CFrame.new(0.065399,92.854797,-12.237274,-0.999621,0.011310,0.025095,-0.000023,0.911335,-0.411666,-0.027525,-0.411511,-0.910989),fov=50.000000,dt=0.029679},
	{cf=CFrame.new(0.064499,92.645203,-12.652588,-0.999621,0.011315,0.025092,-0.000000,0.911589,-0.411103,-0.027525,-0.410948,-0.911243),fov=50.000000,dt=0.024828},
	{cf=CFrame.new(0.063614,92.435608,-13.067810,-0.999621,0.011321,0.025090,0.000022,0.911842,-0.410540,-0.027525,-0.410384,-0.911498),fov=50.000000,dt=0.033141},
	{cf=CFrame.new(0.063202,92.330811,-13.275482,-0.999621,0.011324,0.025088,0.000036,0.911987,-0.410218,-0.027525,-0.410062,-0.911642),fov=50.000000,dt=0.025227},
	{cf=CFrame.new(0.062302,92.121231,-13.690735,-0.999622,0.011246,0.025104,-0.000023,0.912278,-0.409572,-0.027508,-0.409417,-0.911933),fov=50.000000,dt=0.029581},
	{cf=CFrame.new(0.061417,91.911636,-14.105988,-0.999622,0.011251,0.025101,0.000000,0.912531,-0.409008,-0.027507,-0.408854,-0.912186),fov=50.000000,dt=0.029630},
	{cf=CFrame.new(0.063263,91.881622,-14.172913,-0.999622,0.011251,0.025101,0.000000,0.912531,-0.409008,-0.027507,-0.408853,-0.912185),fov=50.000000,dt=0.033256},
	{cf=CFrame.new(0.065109,91.851608,-14.239838,-0.999622,0.011251,0.025101,0.000000,0.912531,-0.409008,-0.027507,-0.408853,-0.912185),fov=50.000000,dt=0.030227},
	{cf=CFrame.new(0.067017,91.821609,-14.306854,-0.999622,0.011251,0.025101,0.000000,0.912531,-0.409008,-0.027507,-0.408854,-0.912185),fov=50.000000,dt=0.031282},
	{cf=CFrame.new(0.067902,91.806595,-14.340332,-0.999622,0.011251,0.025101,0.000000,0.912531,-0.409008,-0.027507,-0.408853,-0.912186),fov=50.000000,dt=0.025259},
	{cf=CFrame.new(0.069748,91.776596,-14.407257,-0.999622,0.011251,0.025101,0.000000,0.912531,-0.409008,-0.027507,-0.408854,-0.912185),fov=50.000000,dt=0.027934},
	{cf=CFrame.new(0.071640,91.746597,-14.474152,-0.999622,0.011251,0.025101,0.000000,0.912531,-0.409008,-0.027507,-0.408854,-0.912185),fov=50.000000,dt=0.031154},
	{cf=CFrame.new(0.073502,91.716583,-14.541107,-0.999622,0.011251,0.025101,0.000000,0.912531,-0.409008,-0.027507,-0.408853,-0.912185),fov=50.000000,dt=0.036892},
	{cf=CFrame.new(0.075333,91.686569,-14.608093,-0.999622,0.011251,0.025101,0.000000,0.912531,-0.409008,-0.027507,-0.408854,-0.912185),fov=50.000000,dt=0.034483},
	{cf=CFrame.new(0.077179,91.656570,-14.675018,-0.999622,0.011251,0.025101,0.000000,0.912531,-0.409008,-0.027507,-0.408853,-0.912185),fov=50.000000,dt=0.033172},
	{cf=CFrame.new(0.079010,91.626572,-14.741974,-0.999622,0.011251,0.025101,0.000000,0.912531,-0.409008,-0.027507,-0.408853,-0.912185),fov=50.000000,dt=0.032134},
	{cf=CFrame.new(0.081268,91.589966,-14.823578,-0.999622,0.011251,0.025101,0.000000,0.912531,-0.409008,-0.027507,-0.408854,-0.912186),fov=50.000000,dt=0.037803},
	{cf=CFrame.new(0.083939,91.546783,-14.919922,-0.999622,0.011251,0.025101,0.000000,0.912531,-0.409008,-0.027507,-0.408854,-0.912186),fov=50.000000,dt=0.029637},
	{cf=CFrame.new(0.086639,91.503586,-15.016266,-0.999622,0.011251,0.025101,0.000000,0.912531,-0.409008,-0.027507,-0.408853,-0.912186),fov=50.000000,dt=0.038634},
	{cf=CFrame.new(0.090607,91.438828,-15.160797,-0.999622,0.011251,0.025101,0.000000,0.912531,-0.409008,-0.027507,-0.408854,-0.912186),fov=50.000000,dt=0.038135},
	{cf=CFrame.new(0.093277,91.395645,-15.257141,-0.999622,0.011251,0.025101,0.000000,0.912531,-0.409008,-0.027507,-0.408854,-0.912186),fov=50.000000,dt=0.036964},
	{cf=CFrame.new(0.095978,91.352448,-15.353516,-0.999622,0.011251,0.025101,0.000000,0.912531,-0.409008,-0.027508,-0.408853,-0.912185),fov=50.000000,dt=0.037478},
	{cf=CFrame.new(0.097336,91.330856,-15.401642,-0.999622,0.011251,0.025101,0.000000,0.912531,-0.409008,-0.027507,-0.408854,-0.912186),fov=50.000000,dt=0.019967},
	{cf=CFrame.new(0.099945,91.287674,-15.498016,-0.999622,0.011251,0.025101,0.000000,0.912531,-0.409008,-0.027507,-0.408854,-0.912185),fov=50.000000,dt=0.025898},
	{cf=CFrame.new(0.101318,91.266083,-15.546173,-0.999622,0.011251,0.025101,0.000000,0.912531,-0.409008,-0.027507,-0.408853,-0.912185),fov=50.000000,dt=0.025955},
	{cf=CFrame.new(0.103973,91.222885,-15.642517,-0.999622,0.011251,0.025101,0.000000,0.912531,-0.409008,-0.027507,-0.408854,-0.912185),fov=50.000000,dt=0.028935},
	{cf=CFrame.new(0.106674,91.179703,-15.738861,-0.999622,0.011251,0.025101,0.000000,0.912531,-0.409008,-0.027507,-0.408853,-0.912185),fov=50.000000,dt=0.033012},
	{cf=CFrame.new(0.108353,91.151291,-15.802185,-0.999622,0.011251,0.025101,0.000000,0.912531,-0.409008,-0.027507,-0.408853,-0.912185),fov=50.000000,dt=0.034231},
	{cf=CFrame.new(0.109207,91.137680,-15.832672,-0.999622,0.011251,0.025101,0.000000,0.912531,-0.409008,-0.027507,-0.408853,-0.912185),fov=50.000000,dt=0.023901},
	{cf=CFrame.new(0.110077,91.124039,-15.863007,-0.999622,0.011251,0.025101,0.000000,0.912531,-0.409008,-0.027507,-0.408854,-0.912186),fov=50.000000,dt=0.036677},
	{cf=CFrame.new(0.110443,91.117218,-15.878235,-0.999622,0.011251,0.025101,0.000000,0.912531,-0.409008,-0.027507,-0.408853,-0.912185),fov=50.000000,dt=0.018723},
	{cf=CFrame.new(0.110916,91.110397,-15.893463,-0.999622,0.011251,0.025101,0.000000,0.912531,-0.409008,-0.027507,-0.408853,-0.912185),fov=50.000000,dt=0.024372},
	{cf=CFrame.new(0.111755,91.096756,-15.923798,-0.999622,0.011251,0.025101,0.000000,0.912531,-0.409008,-0.027507,-0.408854,-0.912185),fov=50.000000,dt=0.021235},
	{cf=CFrame.new(0.112595,91.083145,-15.954285,-0.999622,0.011251,0.025101,0.000000,0.912531,-0.409008,-0.027507,-0.408853,-0.912185),fov=50.000000,dt=0.033309},
	{cf=CFrame.new(0.113007,91.076309,-15.969482,-0.999622,0.011251,0.025101,0.000000,0.912531,-0.409008,-0.027507,-0.408854,-0.912185),fov=50.000000,dt=0.027681},
	{cf=CFrame.new(0.164612,91.119888,-15.910675,-0.999453,0.013489,0.030185,-0.000021,0.912729,-0.408565,-0.033062,-0.408343,-0.912230),fov=50.000000,dt=0.031269},
	{cf=CFrame.new(0.216202,91.163467,-15.851898,-0.999251,0.015743,0.035353,-0.000053,0.912962,-0.408045,-0.038700,-0.407741,-0.912277),fov=50.000000,dt=0.028541},
	{cf=CFrame.new(0.242035,91.185242,-15.822510,-0.999138,0.016827,0.037947,-0.000112,0.913060,-0.407824,-0.041510,-0.407477,-0.912272),fov=50.000000,dt=0.022931},
	{cf=CFrame.new(0.293594,91.228806,-15.763763,-0.998892,0.019058,0.043032,-0.000122,0.913291,-0.407308,-0.047063,-0.406862,-0.912277),fov=50.000000,dt=0.026216},
	{cf=CFrame.new(0.319382,91.250595,-15.734314,-0.998755,0.020224,0.045608,-0.000095,0.913387,-0.407093,-0.049890,-0.406590,-0.912248),fov=50.000000,dt=0.025945},
	{cf=CFrame.new(0.370987,91.294174,-15.675537,-0.998462,0.022451,0.050693,-0.000105,0.913579,-0.406661,-0.055442,-0.406041,-0.912172),fov=50.000000,dt=0.028568},
	{cf=CFrame.new(0.422592,91.337738,-15.616791,-0.998138,0.024674,0.055779,-0.000108,0.913805,-0.406152,-0.060993,-0.405402,-0.912101),fov=50.000000,dt=0.025787},
	{cf=CFrame.new(0.448395,91.359528,-15.587463,-0.997963,0.025752,0.058374,-0.000162,0.913901,-0.405937,-0.063802,-0.405119,-0.912035),fov=50.000000,dt=0.021340},
	{cf=CFrame.new(0.474213,91.381302,-15.558044,-0.997778,0.026913,0.060951,-0.000126,0.914030,-0.405646,-0.066628,-0.404752,-0.911996),fov=50.000000,dt=0.021059},
	{cf=CFrame.new(0.594681,91.508469,-15.365173,-0.996816,0.032089,0.072994,-0.000180,0.914537,-0.404501,-0.079735,-0.403227,-0.911620),fov=50.000000,dt=0.027414},
	{cf=CFrame.new(0.715134,91.635620,-15.172363,-0.995672,0.037349,0.085102,-0.000153,0.915033,-0.403378,-0.092937,-0.401645,-0.911067),fov=50.000000,dt=0.036111},
	{cf=CFrame.new(0.835587,91.762772,-14.979492,-0.994361,0.042574,0.097123,-0.000093,0.915520,-0.402272,-0.106044,-0.400012,-0.910354),fov=50.000000,dt=0.035586},
	{cf=CFrame.new(0.934219,91.969742,-14.629211,-0.992874,0.047496,0.109297,-0.000173,0.916570,-0.399874,-0.119171,-0.397043,-0.910031),fov=50.000000,dt=0.024101},
	{cf=CFrame.new(0.972641,92.113113,-14.375275,-0.992069,0.049749,0.115430,-0.000307,0.917376,-0.398021,-0.125694,-0.394900,-0.910085),fov=50.000000,dt=0.027601},
	{cf=CFrame.new(1.049500,92.399887,-13.867554,-0.990327,0.054299,0.127684,-0.000455,0.918968,-0.394331,-0.138749,-0.390574,-0.910055),fov=50.000000,dt=0.023701},
	{cf=CFrame.new(1.087906,92.543274,-13.613678,-0.989391,0.056597,0.133803,-0.000467,0.919755,-0.392493,-0.145280,-0.388391,-0.909970),fov=50.000000,dt=0.025127},
	{cf=CFrame.new(1.164780,92.830048,-13.105896,-0.987389,0.061065,0.146061,-0.000538,0.921314,-0.388818,-0.158312,-0.383993,-0.909663),fov=50.000000,dt=0.027959},
	{cf=CFrame.new(1.219788,93.196640,-12.440674,-0.985223,0.065144,0.158405,-0.000657,0.923402,-0.383835,-0.171276,-0.378267,-0.909714),fov=50.000000,dt=0.029101},
	{cf=CFrame.new(1.236435,93.419830,-12.029388,-0.984078,0.067035,0.164610,-0.000705,0.924669,-0.380771,-0.177735,-0.374824,-0.909900),fov=50.000000,dt=0.027646},
	{cf=CFrame.new(1.269684,93.866226,-11.206665,-0.981663,0.070653,0.177048,-0.000802,0.927238,-0.374472,-0.190623,-0.367748,-0.910179),fov=50.000000,dt=0.022786},
	{cf=CFrame.new(1.286285,94.089417,-10.795410,-0.980389,0.072470,0.183260,-0.000776,0.928501,-0.371329,-0.197068,-0.364189,-0.910236),fov=50.000000,dt=0.025771},
	{cf=CFrame.new(1.327621,94.517166,-9.981201,-0.977201,0.076615,0.198010,-0.000887,0.931141,-0.364659,-0.212314,-0.356521,-0.909844),fov=50.000000,dt=0.029626},
	{cf=CFrame.new(1.377121,94.926239,-9.175446,-0.973215,0.081200,0.215080,-0.001094,0.933901,-0.357530,-0.229895,-0.348188,-0.908798),fov=50.000000,dt=0.033650},
	{cf=CFrame.new(1.426498,95.335312,-8.369751,-0.968923,0.085720,0.232034,-0.001081,0.936561,-0.350504,-0.247360,-0.339862,-0.907363),fov=50.000000,dt=0.033238},
	{cf=CFrame.new(1.451248,95.539871,-7.966888,-0.966648,0.087883,0.240559,-0.001062,0.937898,-0.346909,-0.256107,-0.335594,-0.906524),fov=50.000000,dt=0.018416},
	{cf=CFrame.new(1.475998,95.744400,-7.564026,-0.964311,0.090079,0.248979,-0.000911,0.939215,-0.343329,-0.264772,-0.331303,-0.905613),fov=50.000000,dt=0.023758},
	{cf=CFrame.new(1.525406,96.153488,-6.758270,-0.959382,0.094218,0.265914,-0.000707,0.941777,-0.336238,-0.282111,-0.322769,-0.903456),fov=50.000000,dt=0.023173},
	{cf=CFrame.new(1.550140,96.358032,-6.355438,-0.956780,0.096319,0.274399,-0.000473,0.943042,-0.332673,-0.290813,-0.318424,-0.902239),fov=50.000000,dt=0.019511},
	{cf=CFrame.new(1.567917,96.423721,-6.199097,-0.955025,0.097619,0.279997,-0.000529,0.943695,-0.330817,-0.296526,-0.316086,-0.901200),fov=50.000000,dt=0.029936},
	{cf=CFrame.new(1.576859,96.456558,-6.121002,-0.954132,0.098307,0.282787,-0.000511,0.944017,-0.329897,-0.299387,-0.314909,-0.900666),fov=50.000000,dt=0.024050},
	{cf=CFrame.new(1.594604,96.522263,-5.964630,-0.952323,0.099588,0.288379,-0.000550,0.944662,-0.328044,-0.305089,-0.312562,-0.899569),fov=50.000000,dt=0.030279},
	{cf=CFrame.new(1.612442,96.587936,-5.808380,-0.950449,0.100954,0.294032,-0.000509,0.945298,-0.326207,-0.310880,-0.310193,-0.898406),fov=50.000000,dt=0.027573},
	{cf=CFrame.new(1.621338,96.620773,-5.730225,-0.949512,0.101625,0.296816,-0.000477,0.945614,-0.325290,-0.313731,-0.309008,-0.897823),fov=50.000000,dt=0.026182},
	{cf=CFrame.new(1.639099,96.686478,-5.573914,-0.947615,0.102874,0.302395,-0.000489,0.946248,-0.323441,-0.319415,-0.306646,-0.896628),fov=50.000000,dt=0.029555},
	{cf=CFrame.new(1.656937,96.752151,-5.417664,-0.945679,0.104193,0.307954,-0.000406,0.946872,-0.321611,-0.325103,-0.304265,-0.895394),fov=50.000000,dt=0.035217},
	{cf=CFrame.new(1.665939,96.799606,-5.311676,-0.944583,0.104867,0.311072,-0.000368,0.947265,-0.320452,-0.328272,-0.302808,-0.894732),fov=50.000000,dt=0.027693},
	{cf=CFrame.new(1.666000,96.814209,-5.283813,-0.944498,0.104871,0.311330,-0.000361,0.947347,-0.320208,-0.328518,-0.302548,-0.894729),fov=50.000000,dt=0.025143},
	{cf=CFrame.new(1.666336,96.858017,-5.200378,-0.944155,0.104925,0.312349,-0.000382,0.947595,-0.319475,-0.329501,-0.301754,-0.894636),fov=50.000000,dt=0.037151},
	{cf=CFrame.new(1.666580,96.887207,-5.144775,-0.943955,0.104936,0.312950,-0.000365,0.947787,-0.318905,-0.330074,-0.301147,-0.894629),fov=50.000000,dt=0.037440},
	{cf=CFrame.new(1.666794,96.916412,-5.089142,-0.943750,0.105042,0.313534,-0.000281,0.947945,-0.318433,-0.330662,-0.300609,-0.894594),fov=50.000000,dt=0.028284},
	{cf=CFrame.new(1.666779,96.928635,-5.066040,-0.943664,0.105046,0.313791,-0.000274,0.948027,-0.318188,-0.330907,-0.300349,-0.894590),fov=50.000000,dt=0.023789},
	{cf=CFrame.new(1.666702,96.953094,-5.019897,-0.943491,0.105066,0.314303,-0.000275,0.948164,-0.317781,-0.331398,-0.299910,-0.894555),fov=50.000000,dt=0.025369},
	{cf=CFrame.new(1.666672,96.965317,-4.996796,-0.943433,0.105068,0.314475,-0.000270,0.948219,-0.317618,-0.331563,-0.299737,-0.894553),fov=50.000000,dt=0.024074},
	{cf=CFrame.new(1.666672,96.977554,-4.973724,-0.943347,0.105072,0.314732,-0.000263,0.948300,-0.317374,-0.331808,-0.299477,-0.894549),fov=50.000000,dt=0.018362},
	{cf=CFrame.new(1.666534,97.002014,-4.927521,-0.943174,0.105092,0.315244,-0.000264,0.948436,-0.316967,-0.332300,-0.299038,-0.894513),fov=50.000000,dt=0.025029},
	{cf=CFrame.new(1.666504,97.014236,-4.904480,-0.943116,0.105094,0.315416,-0.000259,0.948491,-0.316804,-0.332463,-0.298865,-0.894510),fov=50.000000,dt=0.023432},
	{cf=CFrame.new(1.666489,97.026474,-4.881378,-0.943030,0.105098,0.315673,-0.000251,0.948572,-0.316560,-0.332709,-0.298605,-0.894506),fov=50.000000,dt=0.021745},
	{cf=CFrame.new(1.666336,97.046585,-4.843628,-0.942914,0.105103,0.316017,-0.000240,0.948681,-0.316234,-0.333037,-0.298258,-0.894499),fov=50.000000,dt=0.032269},
	{cf=CFrame.new(1.665939,97.070236,-4.799530,-0.942769,0.105109,0.316447,-0.000227,0.948817,-0.315827,-0.333446,-0.297824,-0.894491),fov=50.000000,dt=0.038355},
	{cf=CFrame.new(1.665756,97.078110,-4.784882,-0.942740,0.105098,0.316537,-0.000207,0.948871,-0.315664,-0.333528,-0.297655,-0.894517),fov=50.000000,dt=0.031168},
	{cf=CFrame.new(1.665527,97.093887,-4.755493,-0.942654,0.105101,0.316794,-0.000199,0.948952,-0.315420,-0.333773,-0.297395,-0.894512),fov=50.000000,dt=0.030015},
	{cf=CFrame.new(1.665253,97.109665,-4.726196,-0.942566,0.105104,0.317052,-0.000191,0.949033,-0.315176,-0.334019,-0.297134,-0.894507),fov=50.000000,dt=0.026361},
	{cf=CFrame.new(1.665115,97.117538,-4.711517,-0.942537,0.105105,0.317138,-0.000188,0.949060,-0.315094,-0.334101,-0.297047,-0.894505),fov=50.000000,dt=0.028401},
	{cf=CFrame.new(1.664734,97.141190,-4.667419,-0.942392,0.105110,0.317567,-0.000174,0.949196,-0.314687,-0.334510,-0.296614,-0.894496),fov=50.000000,dt=0.039974},
	{cf=CFrame.new(1.664459,97.156967,-4.638123,-0.942334,0.105100,0.317743,-0.000151,0.949277,-0.314442,-0.334674,-0.296358,-0.894519),fov=50.000000,dt=0.031070},
	{cf=CFrame.new(1.663345,97.167679,-4.619781,-0.942334,0.105076,0.317751,-0.000118,0.949330,-0.314280,-0.334674,-0.296194,-0.894574),fov=50.000000,dt=0.040925},
	{cf=CFrame.new(1.662308,97.178391,-4.601532,-0.942368,0.104954,0.317691,-0.000154,0.949390,-0.314101,-0.334579,-0.296047,-0.894658),fov=50.000000,dt=0.034419},
	{cf=CFrame.new(1.661194,97.189087,-4.583191,-0.942397,0.104929,0.317613,-0.000123,0.949417,-0.314019,-0.334496,-0.295970,-0.894714),fov=50.000000,dt=0.030562},
	{cf=CFrame.new(1.660080,97.199783,-4.564880,-0.942397,0.104904,0.317621,-0.000089,0.949470,-0.313856,-0.334497,-0.295806,-0.894769),fov=50.000000,dt=0.031729},
	{cf=CFrame.new(1.659027,97.210495,-4.546570,-0.942431,0.104783,0.317561,-0.000125,0.949530,-0.313677,-0.334402,-0.295659,-0.894853),fov=50.000000,dt=0.040765},
	{cf=CFrame.new(1.659439,97.238205,-4.501251,-0.942319,0.104665,0.317930,-0.000146,0.949723,-0.313091,-0.334716,-0.295078,-0.894927),fov=50.000000,dt=0.078444},
	{cf=CFrame.new(1.659912,97.249390,-4.483185,-0.942232,0.104656,0.318192,-0.000121,0.949830,-0.312765,-0.334962,-0.294736,-0.894948),fov=50.000000,dt=0.031562},
	{cf=CFrame.new(1.660324,97.260574,-4.465088,-0.942174,0.104646,0.318368,-0.000098,0.949911,-0.312521,-0.335125,-0.294480,-0.894971),fov=50.000000,dt=0.028743},
	{cf=CFrame.new(1.660553,97.266159,-4.456085,-0.942149,0.104550,0.318472,-0.000162,0.949970,-0.312342,-0.335194,-0.294324,-0.894996),fov=50.000000,dt=0.025287},
	{cf=CFrame.new(1.661026,97.277328,-4.437958,-0.942062,0.104553,0.318729,-0.000153,0.950050,-0.312097,-0.335439,-0.294064,-0.894990),fov=50.000000,dt=0.020387},
	{cf=CFrame.new(1.661270,97.282928,-4.428925,-0.942032,0.104541,0.318819,-0.000133,0.950104,-0.311934,-0.335522,-0.293895,-0.895015),fov=50.000000,dt=0.025141},
	{cf=CFrame.new(1.661499,97.288528,-4.419891,-0.942003,0.104542,0.318905,-0.000130,0.950130,-0.311853,-0.335604,-0.293808,-0.895012),fov=50.000000,dt=0.024346},
	{cf=CFrame.new(1.662216,97.305283,-4.392761,-0.941891,0.104449,0.319266,-0.000185,0.950269,-0.311429,-0.335918,-0.293391,-0.895031),fov=50.000000,dt=0.034775},
	{cf=CFrame.new(1.662689,97.316467,-4.374664,-0.941804,0.104439,0.319528,-0.000159,0.950376,-0.311103,-0.336163,-0.293049,-0.895051),fov=50.000000,dt=0.035315},
	{cf=CFrame.new(1.662857,97.322067,-4.365631,-0.941774,0.104428,0.319618,-0.000139,0.950429,-0.310940,-0.336245,-0.292880,-0.895076),fov=50.000000,dt=0.028878},
	{cf=CFrame.new(1.663330,97.333237,-4.347565,-0.941721,0.104333,0.319807,-0.000199,0.950515,-0.310679,-0.336396,-0.292637,-0.895099),fov=50.000000,dt=0.023446},
	{cf=CFrame.new(1.663803,97.344421,-4.329468,-0.941634,0.104335,0.320064,-0.000190,0.950595,-0.310435,-0.336640,-0.292377,-0.895092),fov=50.000000,dt=0.034078},
	{cf=CFrame.new(1.664276,97.355606,-4.311401,-0.941574,0.104312,0.320245,-0.000150,0.950701,-0.310109,-0.336805,-0.292039,-0.895140),fov=50.000000,dt=0.033050},
	{cf=CFrame.new(1.667160,97.367035,-4.294403,-0.941374,0.104245,0.320854,-0.000228,0.950866,-0.309604,-0.337364,-0.291526,-0.895097),fov=50.000000,dt=0.032405},
	{cf=CFrame.new(1.668518,97.372757,-4.285919,-0.941257,0.104260,0.321194,-0.000233,0.950945,-0.309359,-0.337692,-0.291261,-0.895059),fov=50.000000,dt=0.024286},
	{cf=CFrame.new(1.671387,97.384171,-4.268951,-0.941051,0.104289,0.321787,-0.000244,0.951078,-0.308951,-0.338264,-0.290817,-0.894987),fov=50.000000,dt=0.029182},
	{cf=CFrame.new(1.672821,97.389908,-4.260468,-0.940934,0.104303,0.322126,-0.000248,0.951157,-0.308707,-0.338591,-0.290552,-0.894950),fov=50.000000,dt=0.019199},
	{cf=CFrame.new(1.674210,97.395615,-4.251984,-0.940821,0.104234,0.322479,-0.000336,0.951242,-0.308446,-0.338906,-0.290300,-0.894913),fov=50.000000,dt=0.019326},
	{cf=CFrame.new(1.677063,97.407059,-4.234985,-0.940614,0.104249,0.323076,-0.000330,0.951400,-0.307956,-0.339479,-0.289774,-0.894866),fov=50.000000,dt=0.024407},
	{cf=CFrame.new(1.678497,97.412766,-4.226440,-0.940525,0.104251,0.323333,-0.000320,0.951480,-0.307712,-0.339724,-0.289514,-0.894857),fov=50.000000,dt=0.026756},
	{cf=CFrame.new(1.679871,97.418472,-4.217957,-0.940407,0.104265,0.323672,-0.000323,0.951559,-0.307467,-0.340051,-0.289249,-0.894819),fov=50.000000,dt=0.016074},
	{cf=CFrame.new(1.681305,97.424210,-4.209473,-0.940289,0.104279,0.324011,-0.000327,0.951638,-0.307222,-0.340378,-0.288983,-0.894780),fov=50.000000,dt=0.017359},
	{cf=CFrame.new(1.684097,97.435623,-4.192505,-0.940086,0.104210,0.324621,-0.000403,0.951801,-0.306716,-0.340938,-0.288471,-0.894732),fov=50.000000,dt=0.027403},
	{cf=CFrame.new(1.686966,97.447067,-4.175537,-0.939878,0.104225,0.325217,-0.000396,0.951958,-0.306227,-0.341510,-0.287945,-0.894683),fov=50.000000,dt=0.034095},
	{cf=CFrame.new(1.688400,97.452774,-4.167023,-0.939759,0.104239,0.325556,-0.000399,0.952037,-0.305982,-0.341837,-0.287680,-0.894644),fov=50.000000,dt=0.020905},
	{cf=CFrame.new(1.691208,97.464218,-4.150055,-0.939551,0.104253,0.326152,-0.000392,0.952194,-0.305493,-0.342408,-0.287154,-0.894594),fov=50.000000,dt=0.026124},
	{cf=CFrame.new(1.700241,97.482071,-4.126526,-0.938928,0.104260,0.327938,-0.000520,0.952565,-0.304334,-0.344112,-0.285918,-0.894336),fov=50.000000,dt=0.032951},
	{cf=CFrame.new(1.707901,97.494186,-4.111481,-0.938418,0.104337,0.329371,-0.000560,0.952852,-0.303436,-0.345501,-0.284934,-0.894115),fov=50.000000,dt=0.026398},
	{cf=CFrame.new(1.723114,97.518463,-4.081360,-0.937396,0.104402,0.332248,-0.000719,0.953427,-0.301624,-0.348265,-0.282980,-0.893664),fov=50.000000,dt=0.030787},
	{cf=CFrame.new(1.738373,97.542725,-4.051239,-0.936360,0.104533,0.335115,-0.000772,0.954019,-0.299746,-0.351040,-0.280929,-0.893225),fov=50.000000,dt=0.029704},
	{cf=CFrame.new(1.753647,97.567001,-4.021057,-0.935321,0.104586,0.337989,-0.000921,0.954587,-0.297932,-0.353799,-0.278973,-0.892749),fov=50.000000,dt=0.026517},
	{cf=CFrame.new(1.768906,97.591263,-3.990997,-0.934268,0.104718,0.340849,-0.000981,0.955146,-0.296135,-0.356571,-0.277003,-0.892259),fov=50.000000,dt=0.030638},
	{cf=CFrame.new(1.776505,97.603378,-3.975952,-0.933738,0.104782,0.342278,-0.001008,0.955424,-0.295236,-0.357956,-0.276018,-0.892010),fov=50.000000,dt=0.022992},
	{cf=CFrame.new(1.784103,97.615524,-3.960846,-0.933211,0.104747,0.343724,-0.001100,0.955731,-0.294238,-0.359328,-0.274964,-0.891784),fov=50.000000,dt=0.026574},
	{cf=CFrame.new(1.799393,97.639786,-3.930786,-0.932141,0.104867,0.346579,-0.001149,0.956283,-0.292440,-0.362096,-0.272994,-0.891270),fov=50.000000,dt=0.023140},
	{cf=CFrame.new(1.832565,97.669449,-3.892426,-0.929744,0.105314,0.352826,-0.001311,0.957272,-0.289187,-0.368205,-0.269333,-0.889879),fov=50.000000,dt=0.027233},
	{cf=CFrame.new(1.849167,97.684280,-3.873260,-0.928543,0.105551,0.355902,-0.001317,0.957783,-0.287488,-0.371222,-0.267414,-0.889204),fov=50.000000,dt=0.024200},
	{cf=CFrame.new(1.865768,97.699112,-3.854095,-0.927305,0.105723,0.359067,-0.001432,0.958273,-0.285852,-0.374305,-0.265586,-0.888459),fov=50.000000,dt=0.021452},
	{cf=CFrame.new(1.898987,97.728775,-3.815735,-0.924819,0.106207,0.365282,-0.001468,0.959232,-0.282617,-0.380406,-0.261905,-0.886960),fov=50.000000,dt=0.021717},
	{cf=CFrame.new(1.915619,97.743607,-3.796539,-0.923581,0.106336,0.368363,-0.001535,0.959736,-0.280899,-0.383401,-0.259999,-0.886231),fov=50.000000,dt=0.019806},
	{cf=CFrame.new(1.932205,97.758438,-3.777405,-0.922329,0.106558,0.371424,-0.001533,0.960208,-0.279282,-0.386404,-0.258159,-0.885464),fov=50.000000,dt=0.017831},
	{cf=CFrame.new(1.948776,97.773285,-3.758240,-0.921032,0.106785,0.374564,-0.001538,0.960677,-0.277664,-0.389485,-0.256313,-0.884650),fov=50.000000,dt=0.025732},
	{cf=CFrame.new(1.981964,97.802948,-3.719910,-0.918478,0.107101,0.380693,-0.001571,0.961635,-0.274329,-0.395468,-0.252563,-0.883072),fov=50.000000,dt=0.024382},
	{cf=CFrame.new(2.000580,97.816010,-3.702606,-0.917009,0.107325,0.384156,-0.001570,0.962141,-0.272548,-0.398863,-0.250532,-0.882124),fov=50.000000,dt=0.019693},
	{cf=CFrame.new(2.037781,97.842148,-3.667969,-0.914031,0.107767,0.391068,-0.001566,0.963120,-0.269069,-0.405642,-0.246550,-0.880152),fov=50.000000,dt=0.027095},
	{cf=CFrame.new(2.056366,97.855209,-3.650665,-0.912522,0.107985,0.394517,-0.001565,0.963592,-0.267371,-0.409026,-0.244599,-0.879130),fov=50.000000,dt=0.024581},
	{cf=CFrame.new(2.093582,97.881332,-3.616058,-0.909463,0.108370,0.401414,-0.001503,0.964573,-0.263812,-0.415783,-0.240530,-0.877080),fov=50.000000,dt=0.023670},
	{cf=CFrame.new(2.112183,97.894394,-3.598785,-0.907909,0.108651,0.404842,-0.001400,0.965030,-0.262134,-0.419166,-0.238561,-0.876007),fov=50.000000,dt=0.020026},
	{cf=CFrame.new(2.130829,97.907455,-3.581451,-0.906346,0.108826,0.408282,-0.001353,0.965512,-0.260356,-0.422534,-0.236525,-0.874941),fov=50.000000,dt=0.024052},
	{cf=CFrame.new(2.149414,97.920517,-3.564148,-0.904808,0.108982,0.411638,-0.001287,0.965990,-0.258578,-0.425818,-0.234493,-0.873895),fov=50.000000,dt=0.015770},
	{cf=CFrame.new(2.167984,97.933578,-3.546875,-0.903219,0.109159,0.415067,-0.001248,0.966442,-0.256881,-0.429179,-0.232538,-0.872772),fov=50.000000,dt=0.020123},
	{cf=CFrame.new(2.205231,97.959702,-3.512268,-0.900000,0.109458,0.421922,-0.001108,0.967380,-0.253327,-0.435888,-0.228462,-0.870521),fov=50.000000,dt=0.027944},
	{cf=CFrame.new(2.223801,97.972763,-3.494965,-0.898410,0.109586,0.425265,-0.001017,0.967844,-0.251551,-0.439157,-0.226428,-0.869409),fov=50.000000,dt=0.023471},
	{cf=CFrame.new(2.261032,97.998901,-3.460358,-0.895113,0.109859,0.432094,-0.000860,0.968739,-0.248082,-0.445840,-0.222432,-0.867036),fov=50.000000,dt=0.029867},
	{cf=CFrame.new(2.330017,98.036118,-3.428955,-0.890805,0.109263,0.441053,-0.001468,0.969961,-0.243256,-0.454383,-0.217341,-0.863886),fov=50.000000,dt=0.016115},
	{cf=CFrame.new(2.467957,98.110580,-3.366272,-0.881920,0.107912,0.458881,-0.002523,0.972351,-0.233509,-0.471392,-0.207094,-0.857264),fov=50.000000,dt=0.022524},
	{cf=CFrame.new(2.536911,98.147812,-3.334869,-0.877385,0.107146,0.467671,-0.002959,0.973518,-0.228590,-0.479778,-0.201945,-0.853833),fov=50.000000,dt=0.031448},
	{cf=CFrame.new(2.674881,98.222260,-3.272125,-0.868004,0.105481,0.485225,-0.003702,0.975776,-0.218742,-0.496544,-0.191665,-0.846587),fov=50.000000,dt=0.026552},
	{cf=CFrame.new(2.743790,98.259476,-3.240692,-0.863201,0.104593,0.493907,-0.004024,0.976848,-0.213895,-0.504845,-0.186622,-0.842796),fov=50.000000,dt=0.024427},
	{cf=CFrame.new(2.881729,98.333939,-3.177948,-0.853333,0.102552,0.511181,-0.004561,0.978958,-0.204010,-0.521346,-0.176420,-0.834910),fov=50.000000,dt=0.022319},
	{cf=CFrame.new(2.950699,98.371170,-3.146637,-0.848312,0.101494,0.519679,-0.004710,0.979972,-0.199078,-0.529477,-0.171328,-0.830844),fov=50.000000,dt=0.027242},
	{cf=CFrame.new(3.019684,98.408401,-3.115295,-0.843154,0.100397,0.528216,-0.004821,0.980961,-0.194145,-0.537651,-0.166241,-0.826617),fov=50.000000,dt=0.014377},
	{cf=CFrame.new(3.088669,98.445618,-3.083893,-0.837957,0.099223,0.536641,-0.004851,0.981940,-0.189132,-0.545715,-0.161087,-0.822342),fov=50.000000,dt=0.013323},
	{cf=CFrame.new(3.344803,98.576126,-2.990082,-0.819616,0.093924,0.565161,-0.005585,0.985113,-0.171816,-0.572885,-0.143979,-0.806890),fov=50.000000,dt=0.027298},
	{cf=CFrame.new(3.600952,98.706619,-2.896271,-0.800362,0.088073,0.593012,-0.005748,0.987977,-0.154491,-0.599489,-0.127057,-0.790233),fov=50.000000,dt=0.039405},
	{cf=CFrame.new(3.857101,98.837143,-2.802429,-0.780211,0.081542,0.620179,-0.005362,0.990559,-0.136986,-0.625494,-0.110203,-0.772407),fov=50.000000,dt=0.034612},
	{cf=CFrame.new(4.113266,98.967636,-2.708649,-0.759291,0.074541,0.646468,-0.004310,0.992820,-0.119539,-0.650737,-0.093551,-0.753518),fov=50.000000,dt=0.028112},
	{cf=CFrame.new(4.414886,99.159637,-2.728760,-0.752592,0.072241,0.654513,-0.004173,0.993421,-0.114446,-0.658474,-0.088863,-0.747339),fov=50.000000,dt=0.022422},
	{cf=CFrame.new(5.018250,99.543625,-2.768921,-0.739095,0.067490,0.670212,-0.003734,0.994542,-0.104268,-0.673591,-0.079567,-0.734809),fov=50.000000,dt=0.025247},
	{cf=CFrame.new(5.621506,99.927597,-2.809143,-0.725225,0.062529,0.685667,-0.003059,0.995565,-0.094024,-0.688506,-0.070286,-0.721817),fov=50.000000,dt=0.032475},
	{cf=CFrame.new(6.224792,100.311584,-2.849365,-0.711111,0.057459,0.700728,-0.002092,0.996478,-0.083833,-0.703077,-0.061081,-0.708486),fov=50.000000,dt=0.030536},
	{cf=CFrame.new(6.526489,100.503586,-2.869446,-0.703884,0.054833,0.708195,-0.001592,0.996892,-0.078768,-0.710313,-0.056571,-0.701609),fov=50.000000,dt=0.033153},
	{cf=CFrame.new(7.619232,101.213547,-2.991516,-0.685179,0.047794,0.726805,-0.000479,0.997815,-0.066066,-0.728374,-0.045616,-0.683659),fov=50.000000,dt=0.038124},
	{cf=CFrame.new(8.108688,101.539520,-3.073456,-0.680967,0.046280,0.730851,-0.000509,0.997971,-0.063669,-0.732314,-0.043729,-0.679561),fov=50.000000,dt=0.025881},
	{cf=CFrame.new(9.577026,102.517456,-3.319061,-0.668229,0.041529,0.742796,-0.000518,0.998415,-0.056286,-0.743955,-0.037997,-0.667148),fov=50.000000,dt=0.038860},
	{cf=CFrame.new(10.983475,103.949356,-3.858185,-0.662657,0.028875,0.748366,-0.000144,0.999252,-0.038683,-0.748923,-0.025741,-0.662157),fov=50.000000,dt=0.060659},
	{cf=CFrame.new(12.266129,106.289200,-4.984131,-0.671757,0.000883,0.740771,0.000519,1.000000,-0.000722,-0.740771,-0.000100,-0.671757),fov=50.000000,dt=0.037970},
	{cf=CFrame.new(12.693649,107.069138,-5.359467,-0.674780,-0.008368,0.737971,0.000624,0.999929,0.011910,-0.738018,0.008497,-0.674727),fov=50.000000,dt=0.022168},
	{cf=CFrame.new(13.121216,107.849075,-5.734711,-0.677832,-0.017616,0.735006,0.000714,0.999697,0.024618,-0.735217,0.017212,-0.677614),fov=50.000000,dt=0.020101},
	{cf=CFrame.new(13.548737,108.629013,-6.110077,-0.680773,-0.026794,0.732004,0.000717,0.999306,0.037245,-0.732494,0.025881,-0.680282),fov=50.000000,dt=0.017140},
	{cf=CFrame.new(13.087357,108.982681,-6.626587,-0.704760,-0.027719,0.708904,0.001787,0.999164,0.040845,-0.709443,0.030053,-0.704121),fov=50.000000,dt=0.019377},
	{cf=CFrame.new(12.164536,109.689972,-7.659668,-0.750384,-0.029362,0.660350,0.003437,0.998826,0.048318,-0.660993,0.038527,-0.749403),fov=50.000000,dt=0.032652},
	{cf=CFrame.new(11.241730,110.397278,-8.692688,-0.792651,-0.030280,0.608924,0.004722,0.998431,0.055796,-0.609658,0.047102,-0.791264),fov=50.000000,dt=0.024721},
	{cf=CFrame.new(10.780273,110.750931,-9.209167,-0.812541,-0.030617,0.582100,0.005094,0.998209,0.059613,-0.582882,0.051403,-0.810929),fov=50.000000,dt=0.023672},
	{cf=CFrame.new(10.318878,111.104584,-9.725708,-0.831471,-0.030714,0.554718,0.005397,0.997977,0.063347,-0.555542,0.055665,-0.829623),fov=50.000000,dt=0.020604},
	{cf=CFrame.new(9.396057,111.811874,-10.758759,-0.866556,-0.030612,0.498140,0.005575,0.997461,0.070994,-0.499048,0.064297,-0.864186),fov=50.000000,dt=0.024369},
	{cf=CFrame.new(8.934662,112.165543,-11.275330,-0.882681,-0.030305,0.468994,0.005503,0.997184,0.074792,-0.469940,0.068599,-0.880029),fov=50.000000,dt=0.025073},
	{cf=CFrame.new(8.473267,112.519180,-11.791840,-0.897841,-0.029861,0.439307,0.005306,0.996892,0.078606,-0.440289,0.072907,-0.894891),fov=50.000000,dt=0.017662},
	{cf=CFrame.new(7.475250,113.665024,-12.461700,-0.919641,-0.027293,0.391811,0.004337,0.996816,0.079617,-0.392736,0.074919,-0.916594),fov=50.000000,dt=0.017897},
	{cf=CFrame.new(7.475250,113.665024,-12.461700,-0.919641,-0.027293,0.391811,0.004337,0.996816,0.079617,-0.392736,0.074919,-0.916594),fov=50.000000,dt=0.015814},
	{cf=CFrame.new(6.976257,114.237930,-12.796661,-0.929605,-0.026068,0.367636,0.003759,0.996773,0.080184,-0.368540,0.075921,-0.926507),fov=50.000000,dt=0.016308},
	{cf=CFrame.new(5.978287,115.383774,-13.466583,-0.947604,-0.023362,0.318594,0.002698,0.996701,0.081111,-0.319438,0.077721,-0.944415),fov=50.000000,dt=0.020589},
	{cf=CFrame.new(5.479248,115.956680,-13.801544,-0.955630,-0.021981,0.293749,0.002151,0.996665,0.081574,-0.294563,0.078587,-0.952395),fov=50.000000,dt=0.022675},
	{cf=CFrame.new(4.980286,116.529617,-14.136505,-0.963011,-0.020579,0.268676,0.001590,0.996628,0.082037,-0.269458,0.079430,-0.959731),fov=50.000000,dt=0.019761},
	{cf=CFrame.new(4.481293,117.102524,-14.471436,-0.969719,-0.019162,0.243473,0.001020,0.996591,0.082499,-0.244223,0.080249,-0.966393),fov=50.000000,dt=0.018252},
	{cf=CFrame.new(3.483276,118.248367,-15.141357,-0.981167,-0.016264,0.192474,-0.000171,0.996522,0.083334,-0.193159,0.081732,-0.977757),fov=50.000000,dt=0.022407},
	{cf=CFrame.new(2.984299,118.821274,-15.476349,-0.985882,-0.014788,0.166789,-0.000786,0.996490,0.083707,-0.167441,0.082394,-0.982433),fov=50.000000,dt=0.028590},
	{cf=CFrame.new(1.986282,119.967117,-16.146240,-0.993282,-0.011796,0.115114,-0.002046,0.996426,0.084446,-0.115698,0.083643,-0.989756),fov=50.000000,dt=0.026270},
	{cf=CFrame.new(1.487289,120.540024,-16.481201,-0.995965,-0.010278,0.089150,-0.002691,0.996393,0.084812,-0.089701,0.084230,-0.992401),fov=50.000000,dt=0.015834},
	{cf=CFrame.new(0.950729,121.332199,-16.634552,-0.997493,-0.008665,0.070240,-0.002891,0.996636,0.081901,-0.070713,0.081493,-0.994162),fov=50.000000,dt=0.014921},
	{cf=CFrame.new(0.414108,122.124390,-16.787933,-0.998657,-0.007106,0.051310,-0.003030,0.996864,0.079080,-0.051711,0.078818,-0.995547),fov=50.000000,dt=0.018174},
	{cf=CFrame.new(-0.122437,122.916580,-16.941376,-0.999463,-0.005596,0.032279,-0.003123,0.997089,0.076177,-0.032612,0.076035,-0.996572),fov=50.000000,dt=0.018967},
	{cf=CFrame.new(-1.195633,124.500931,-17.248138,-0.999980,-0.002743,-0.005629,-0.003133,0.997509,0.070474,0.005422,0.070490,-0.997498),fov=50.000000,dt=0.025270},
	{cf=CFrame.new(-1.732269,125.293137,-17.401520,-0.999697,-0.001398,-0.024584,-0.003058,0.997709,0.067589,0.024433,0.067644,-0.997411),fov=50.000000,dt=0.023502},
	{cf=CFrame.new(-2.268814,126.085312,-17.554962,-0.999048,-0.000105,-0.043617,-0.002930,0.997900,0.064712,0.043519,0.064778,-0.996950),fov=50.000000,dt=0.016822},
	{cf=CFrame.new(-3.342010,127.669662,-17.861725,-0.996673,0.002311,-0.081469,-0.002506,0.998256,0.058984,0.081463,0.058991,-0.994929),fov=50.000000,dt=0.026453},
	{cf=CFrame.new(-3.435440,128.349442,-18.018890,-0.996267,0.002278,-0.086296,-0.001922,0.998819,0.048556,0.086305,0.048541,-0.995086),fov=50.000000,dt=0.022492},
	{cf=CFrame.new(-3.528824,129.029205,-18.175995,-0.995837,0.002274,-0.091120,-0.001200,0.999275,0.038044,0.091141,0.037995,-0.995113),fov=50.000000,dt=0.022971},
	{cf=CFrame.new(-3.715698,130.388733,-18.490234,-0.994917,0.002032,-0.100681,0.000311,0.999854,0.017106,0.100701,0.016988,-0.994772),fov=50.000000,dt=0.025404},
	{cf=CFrame.new(-3.809158,131.068497,-18.647400,-0.994427,0.001796,-0.105415,0.001097,0.999977,0.006682,0.105424,0.006529,-0.994406),fov=50.000000,dt=0.021605},
	{cf=CFrame.new(-3.995987,132.428040,-18.961548,-0.993369,0.001253,-0.114959,0.002908,0.999894,-0.014237,0.114929,-0.014477,-0.993268),fov=50.000000,dt=0.028094},
	{cf=CFrame.new(-4.089447,133.107803,-19.118713,-0.992802,0.000865,-0.119769,0.003845,0.999689,-0.024648,0.119710,-0.024931,-0.992496),fov=50.000000,dt=0.028396},
	{cf=CFrame.new(-4.276276,134.467331,-19.432953,-0.991607,0.000020,-0.129289,0.005956,0.998945,-0.045530,0.129152,-0.045918,-0.990561),fov=50.000000,dt=0.022681},
	{cf=CFrame.new(-4.369720,135.147095,-19.590057,-0.990981,-0.000439,-0.134000,0.007130,0.998405,-0.056000,0.133811,-0.056450,-0.989398),fov=50.000000,dt=0.027381},
	{cf=CFrame.new(-4.113449,136.394211,-19.908081,-0.991598,-0.001960,-0.129345,0.009049,0.996385,-0.084474,0.129043,-0.084935,-0.987995),fov=50.000000,dt=0.020903},
	{cf=CFrame.new(-3.763718,136.961548,-20.068939,-0.992785,-0.002713,-0.119882,0.009655,0.994689,-0.102472,0.119523,-0.102890,-0.987486),fov=50.000000,dt=0.029288},
	{cf=CFrame.new(-3.064255,138.096237,-20.390594,-0.994888,-0.003705,-0.100914,0.010351,0.990321,-0.138410,0.100451,-0.138747,-0.985220),fov=50.000000,dt=0.030032},
	{cf=CFrame.new(-2.364792,139.230942,-20.712311,-0.996632,-0.004010,-0.081910,0.010358,0.984651,-0.174230,0.081351,-0.174491,-0.981292),fov=50.000000,dt=0.024521},
	{cf=CFrame.new(-2.015076,139.798279,-20.873169,-0.997368,-0.003904,-0.072401,0.010102,0.981327,-0.192082,0.071799,-0.192308,-0.978705),fov=50.000000,dt=0.027469},
	{cf=CFrame.new(-1.315613,140.932968,-21.194855,-0.998569,-0.003168,-0.053386,0.009072,0.973742,-0.227472,0.052705,-0.227631,-0.972320),fov=50.000000,dt=0.034283},
	{cf=CFrame.new(-0.535172,142.174255,-21.646179,-0.999327,-0.001055,-0.036665,0.008512,0.965633,-0.259770,0.035679,-0.259908,-0.964974),fov=50.000000,dt=0.021626},
	{cf=CFrame.new(-0.104385,142.848190,-21.936737,-0.999569,0.000469,-0.029368,0.008513,0.961573,-0.274416,0.028111,-0.274548,-0.961163),fov=50.000000,dt=0.023086},
	{cf=CFrame.new(0.757111,144.196075,-22.517761,-0.999880,0.004008,-0.014951,0.008357,0.952798,-0.303490,0.013029,-0.303579,-0.952717),fov=50.000000,dt=0.022573},
	{cf=CFrame.new(1.187820,144.870010,-22.808289,-0.999953,0.005862,-0.007724,0.008014,0.948059,-0.317994,0.005458,-0.318041,-0.948061),fov=50.000000,dt=0.019813},
	{cf=CFrame.new(1.618607,145.543961,-23.098755,-0.999969,0.007900,-0.000622,0.007658,0.943121,-0.332362,-0.002039,-0.332356,-0.943152),fov=50.000000,dt=0.025854},
	{cf=CFrame.new(2.480087,146.891830,-23.679810,-0.999833,0.012234,0.013594,0.006505,0.932604,-0.360842,-0.017093,-0.360693,-0.932528),fov=50.000000,dt=0.027644},
	{cf=CFrame.new(2.910797,147.565765,-23.970306,-0.999679,0.014614,0.020690,0.005792,0.927027,-0.374950,-0.024660,-0.374710,-0.926814),fov=50.000000,dt=0.019774},
	{cf=CFrame.new(3.341599,148.239700,-24.260803,-0.999472,0.017002,0.027686,0.004896,0.921230,-0.388988,-0.032119,-0.388647,-0.920827),fov=50.000000,dt=0.017546},
	{cf=CFrame.new(3.772354,148.913651,-24.551331,-0.999209,0.019583,0.034629,0.003975,0.915244,-0.402880,-0.039584,-0.402423,-0.914598),fov=50.000000,dt=0.019250},
	{cf=CFrame.new(4.714874,150.368118,-25.262024,-0.998609,0.025357,0.046222,0.003148,0.903848,-0.427843,-0.052627,-0.427102,-0.902671),fov=50.000000,dt=0.019946},
	{cf=CFrame.new(5.226608,151.148651,-25.682190,-0.998298,0.028504,0.050872,0.003287,0.898510,-0.438941,-0.058221,-0.438027,-0.897075),fov=50.000000,dt=0.020134},
	{cf=CFrame.new(5.738358,151.929184,-26.102325,-0.997956,0.031709,0.055485,0.003356,0.893026,-0.449992,-0.063818,-0.448886,-0.891307),fov=50.000000,dt=0.027813},
	{cf=CFrame.new(6.761841,153.490234,-26.942688,-0.997181,0.038356,0.064494,0.003393,0.881661,-0.471871,-0.074961,-0.470322,-0.879306),fov=50.000000,dt=0.019755},
	{cf=CFrame.new(6.761841,153.490234,-26.942688,-0.997181,0.038356,0.064494,0.003393,0.881661,-0.471871,-0.074961,-0.470322,-0.879305),fov=50.000000,dt=0.015207},
	{cf=CFrame.new(7.273605,154.270767,-27.362885,-0.996751,0.041712,0.068910,0.003278,0.875784,-0.482693,-0.080484,-0.480898,-0.873075),fov=50.000000,dt=0.015374},
	{cf=CFrame.new(8.297165,155.831833,-28.203186,-0.995788,0.048696,0.077686,0.002906,0.863639,-0.504102,-0.091640,-0.501753,-0.860143),fov=50.000000,dt=0.022937},
	{cf=CFrame.new(8.808929,156.612366,-28.623383,-0.995265,0.052218,0.081983,0.002587,0.857377,-0.514682,-0.097166,-0.512033,-0.853453),fov=50.000000,dt=0.019307},
	{cf=CFrame.new(12.439819,169.705338,-38.941254,-0.994525,0.054620,0.089087,0.001999,0.862315,-0.506368,-0.104479,-0.503418,-0.857703),fov=50.000000,dt=0.029396},
	{cf=CFrame.new(14.255234,176.251846,-44.100128,-0.994135,0.055796,0.092647,0.001728,0.864728,-0.502237,-0.108137,-0.499131,-0.859753),fov=50.000000,dt=0.021443},
	{cf=CFrame.new(16.070679,182.798325,-49.259094,-0.993730,0.056953,0.096214,0.001481,0.867164,-0.498020,-0.111798,-0.494755,-0.861811),fov=50.000000,dt=0.019525},
	{cf=CFrame.new(17.886139,189.344803,-54.418030,-0.993312,0.058096,0.099785,0.001244,0.869533,-0.493873,-0.115458,-0.490446,-0.863790),fov=50.000000,dt=0.019185},
	{cf=CFrame.new(21.517090,202.437790,-64.735870,-0.992444,0.060303,0.106862,0.000859,0.874292,-0.485400,-0.122700,-0.481640,-0.867737),fov=50.000000,dt=0.020663},
	{cf=CFrame.new(23.332535,208.984268,-69.894867,-0.991984,0.061392,0.110450,0.000681,0.876637,-0.481151,-0.126363,-0.477219,-0.869652),fov=50.000000,dt=0.022597},
	{cf=CFrame.new(25.147980,215.530777,-75.053833,-0.991513,0.062380,0.114064,0.000438,0.878964,-0.476888,-0.130006,-0.472791,-0.871532),fov=50.000000,dt=0.022038},
	{cf=CFrame.new(26.963425,222.077255,-80.212769,-0.991026,0.063438,0.117659,0.000288,0.881222,-0.472702,-0.133671,-0.468426,-0.873332),fov=50.000000,dt=0.019199},
	{cf=CFrame.new(28.778854,228.623734,-85.371674,-0.990524,0.064475,0.121262,0.000163,0.883500,-0.468431,-0.137337,-0.463973,-0.875139),fov=50.000000,dt=0.018733},
	{cf=CFrame.new(30.594315,235.170242,-90.530609,-0.990021,0.065474,0.124785,0.000076,0.885755,-0.464152,-0.140919,-0.459511,-0.876921),fov=50.000000,dt=0.016378},
	{cf=CFrame.new(28.957642,254.922836,-104.041077,-0.991609,0.059522,0.114759,0.000665,0.890038,-0.455886,-0.129275,-0.451984,-0.882609),fov=50.000000,dt=0.025054},
	{cf=CFrame.new(25.505508,268.128906,-112.392517,-0.993487,0.052623,0.101070,0.001266,0.892020,-0.451994,-0.113942,-0.448922,-0.886277),fov=50.000000,dt=0.018068},
	{cf=CFrame.new(22.053421,281.335022,-120.744049,-0.995124,0.045860,0.087316,0.001888,0.894012,-0.448040,-0.098609,-0.445691,-0.889739),fov=50.000000,dt=0.018900},
	{cf=CFrame.new(15.149200,307.747192,-137.447113,-0.997697,0.032314,0.059639,0.002778,0.897957,-0.440075,-0.067774,-0.438895,-0.895979),fov=50.000000,dt=0.027753},
	{cf=CFrame.new(11.697113,320.953308,-145.798553,-0.998627,0.025618,0.045700,0.003129,0.899907,-0.436071,-0.052297,-0.435329,-0.898751),fov=50.000000,dt=0.022371},
	{cf=CFrame.new(8.245010,334.159424,-154.150116,-0.999314,0.019000,0.031810,0.003395,0.901866,-0.432002,-0.036896,-0.431598,-0.901312),fov=50.000000,dt=0.018529},
	{cf=CFrame.new(1.340729,360.571594,-170.853149,-0.999975,0.005925,0.003853,0.003733,0.905660,-0.423988,-0.006002,-0.423963,-0.905659),fov=50.000000,dt=0.027263},
	{cf=CFrame.new(-2.111404,373.777710,-179.204590,-0.999948,-0.000528,-0.010210,0.003809,0.907532,-0.419965,0.009487,-0.419982,-0.907483),fov=50.000000,dt=0.025394},
	{cf=CFrame.new(-9.015610,400.189941,-195.907593,-0.999175,-0.013238,-0.038406,0.003755,0.911262,-0.411811,0.040449,-0.411615,-0.910460),fov=50.000000,dt=0.026919},
	{cf=CFrame.new(-15.919815,426.602112,-212.610596,-0.997450,-0.025665,-0.066592,0.003408,0.914907,-0.403651,0.071285,-0.402849,-0.912487),fov=50.000000,dt=0.026286},
	{cf=CFrame.new(-19.358643,451.819702,-227.635559,-0.996008,-0.032811,-0.083021,0.002910,0.917576,-0.397550,0.089222,-0.396204,-0.913817),fov=50.000000,dt=0.033900},
	{cf=CFrame.new(-19.345322,463.831177,-234.309021,-0.995789,-0.033817,-0.085212,0.002657,0.918445,-0.395539,0.091638,-0.394099,-0.914488),fov=50.000000,dt=0.019899},
	{cf=CFrame.new(-19.332108,475.842590,-240.982422,-0.995556,-0.034840,-0.087486,0.002418,0.919275,-0.393608,0.094137,-0.392071,-0.915106),fov=50.000000,dt=0.024666},
	{cf=CFrame.new(-19.305519,499.865540,-254.329346,-0.995081,-0.036843,-0.091961,0.001904,0.920989,-0.389584,0.099048,-0.387843,-0.916388),fov=50.000000,dt=0.027597},
	{cf=CFrame.new(-19.292244,511.877014,-261.002869,-0.994838,-0.037829,-0.094159,0.001630,0.921838,-0.387572,0.101461,-0.385725,-0.917018),fov=50.029140,dt=0.023625},
	{cf=CFrame.new(-19.265656,535.899963,-274.349792,-0.994319,-0.039734,-0.098745,0.001185,0.923522,-0.383544,0.106433,-0.381482,-0.918229),fov=50.261448,dt=0.027242},
	{cf=CFrame.new(-19.252365,547.911438,-281.023193,-0.994059,-0.040704,-0.100948,0.000895,0.924356,-0.381531,0.108842,-0.379355,-0.918827),fov=50.463535,dt=0.023184},
	{cf=CFrame.new(-19.225914,571.934326,-294.370056,-0.993511,-0.042647,-0.105443,0.000316,0.926008,-0.377504,0.113740,-0.375088,-0.919985),fov=51.034855,dt=0.023558},
	{cf=CFrame.new(-15.733887,594.762634,-306.038940,-0.994395,-0.039628,-0.098019,0.000079,0.926819,-0.375509,0.105726,-0.373412,-0.921621),fov=51.819756,dt=0.028966},
	{cf=CFrame.new(-12.255234,605.579407,-311.034302,-0.995447,-0.035740,-0.088358,0.000066,0.926773,-0.375622,0.095313,-0.373917,-0.922552),fov=52.287876,dt=0.017865},
	{cf=CFrame.new(-8.776520,616.396240,-316.029785,-0.996397,-0.031827,-0.078607,0.000034,0.926757,-0.375662,0.084806,-0.374312,-0.923417),fov=52.803608,dt=0.029358},
	{cf=CFrame.new(-1.819199,638.029907,-326.020569,-0.997961,-0.023924,-0.059184,0.000069,0.926712,-0.375772,0.063836,-0.375010,-0.924820),fov=53.968086,dt=0.021103},
	{cf=CFrame.new(1.659485,648.846680,-331.015991,-0.998578,-0.020003,-0.049412,0.000035,0.926684,-0.375842,0.053307,-0.375310,-0.925365),fov=54.611397,dt=0.015745},
	{cf=CFrame.new(5.138184,659.663513,-336.011414,-0.999082,-0.016011,-0.039736,0.000101,0.926651,-0.375923,0.042840,-0.375582,-0.925799),fov=55.291496,dt=0.018559},
	{cf=CFrame.new(8.616867,670.480347,-341.006836,-0.999478,-0.012085,-0.029955,0.000065,0.926614,-0.376013,0.032301,-0.375819,-0.926130),fov=56.005199,dt=0.023934},
	{cf=CFrame.new(12.095535,681.297119,-346.002136,-0.999763,-0.008154,-0.020171,0.000030,0.926607,-0.376031,0.021757,-0.375943,-0.926387),fov=56.749187,dt=0.017944},
	{cf=CFrame.new(19.052933,702.930786,-355.992981,-1.000000,-0.000222,-0.000697,0.000056,0.926546,-0.376180,0.000729,-0.376180,-0.926547),fov=58.314003,dt=0.022944},
	{cf=CFrame.new(22.531616,713.747620,-360.988403,-0.999953,0.003695,0.009008,0.000034,0.926527,-0.376228,-0.009737,-0.376210,-0.926483),fov=59.127541,dt=0.022691},
	{cf=CFrame.new(26.010300,724.564392,-365.983826,-0.999794,0.007630,0.018798,-0.000005,0.926504,-0.376286,-0.020288,-0.376209,-0.926313),fov=59.956799,dt=0.019518},
	{cf=CFrame.new(29.488922,735.381226,-370.979248,-0.999527,0.011633,0.028486,0.000057,0.926475,-0.376356,-0.030770,-0.376176,-0.926037),fov=60.797916,dt=0.019426},
	{cf=CFrame.new(36.446289,757.014893,-380.970032,-0.998658,0.019487,0.047974,-0.000011,0.926408,-0.376521,-0.051781,-0.376016,-0.925165),fov=62.500000,dt=0.026697},
	{cf=CFrame.new(39.924988,767.831665,-385.965454,-0.998055,0.023507,0.057740,0.000030,0.926367,-0.376622,-0.062342,-0.375888,-0.924566),fov=63.353031,dt=0.024073},
	{cf=CFrame.new(46.120178,784.496887,-394.397339,-0.996995,0.029247,0.071732,-0.000004,0.925970,-0.377596,-0.077465,-0.376462,-0.923188),fov=65.043190,dt=0.022421},
	{cf=CFrame.new(48.836670,790.345276,-397.833801,-0.996620,0.031159,0.076010,0.000066,0.925580,-0.378552,-0.082148,-0.377268,-0.922454),fov=65.872459,dt=0.021139},
	{cf=CFrame.new(54.269562,802.041992,-404.706726,-0.995813,0.034892,0.084489,0.000124,0.924796,-0.380464,-0.091411,-0.378861,-0.920928),fov=67.480011,dt=0.030132},
	{cf=CFrame.new(56.986023,807.890381,-408.143127,-0.995375,0.036733,0.088774,0.000088,0.924368,-0.381501,-0.096074,-0.379729,-0.920096),fov=68.250816,dt=0.024681},
	{cf=CFrame.new(62.418945,819.587097,-415.016113,-0.994438,0.040491,0.097235,0.000115,0.923573,-0.383423,-0.105329,-0.381279,-0.918440),fov=69.708511,dt=0.030511},
	{cf=CFrame.new(67.851898,831.283875,-421.888916,-0.993414,0.044262,0.105684,0.000129,0.922803,-0.385271,-0.114578,-0.382720,-0.916732),fov=71.031914,dt=0.022926},
	{cf=CFrame.new(71.573868,836.352722,-426.538147,-0.992732,0.045860,0.111267,-0.000112,0.924197,-0.381915,-0.120348,-0.379152,-0.917475),fov=71.635452,dt=0.019982},
	{cf=CFrame.new(75.295914,841.421570,-431.187073,-0.992016,0.047433,0.116856,-0.000325,0.925611,-0.378476,-0.126116,-0.375492,-0.918205),fov=72.196388,dt=0.022835},
	{cf=CFrame.new(82.739990,851.559265,-440.485291,-0.990483,0.050431,0.128061,-0.000772,0.928399,-0.371585,-0.137631,-0.368147,-0.919524),fov=73.180244,dt=0.024636},
	{cf=CFrame.new(86.461960,856.628113,-445.134399,-0.989665,0.051941,0.133660,-0.000922,0.929770,-0.368140,-0.143394,-0.364459,-0.920113),fov=73.598564,dt=0.025383},
	{cf=CFrame.new(90.184082,861.697021,-449.783508,-0.988826,0.053413,0.139177,-0.001034,0.931127,-0.364693,-0.149071,-0.360762,-0.920667),fov=73.965141,dt=0.017968},
	{cf=CFrame.new(93.906036,866.765869,-454.432556,-0.987940,0.054880,0.144782,-0.001142,0.932470,-0.361246,-0.154830,-0.357054,-0.921162),fov=74.278259,dt=0.018327},
	{cf=CFrame.new(97.628006,871.834717,-459.081665,-0.987021,0.056325,0.150389,-0.001228,0.933799,-0.357796,-0.160586,-0.353337,-0.921610),fov=74.536469,dt=0.017593},
	{cf=CFrame.new(101.350143,876.903564,-463.730774,-0.986068,0.057744,0.156001,-0.001284,0.935144,-0.354264,-0.166340,-0.349529,-0.922042),fov=74.738556,dt=0.019026},
	{cf=CFrame.new(108.794205,887.041260,-473.028992,-0.984077,0.060427,0.167157,-0.001421,0.937734,-0.347351,-0.177739,-0.342058,-0.922716),fov=74.970863,dt=0.025371},
	{cf=CFrame.new(112.516205,892.110107,-477.678101,-0.983022,0.061780,0.172775,-0.001413,0.939036,-0.343816,-0.183483,-0.338223,-0.923006),fov=75.000000,dt=0.022686},
	{cf=CFrame.new(119.392639,898.349121,-486.204224,-0.981124,0.062915,0.182860,-0.001450,0.943175,-0.332292,-0.193375,-0.326285,-0.925281),fov=75.000000,dt=0.021245},
	{cf=CFrame.new(126.269073,904.588135,-494.730347,-0.979106,0.063934,0.193040,-0.001370,0.947195,-0.320656,-0.203347,-0.314221,-0.927316),fov=75.000000,dt=0.040400},
	{cf=CFrame.new(133.145599,910.827209,-503.256592,-0.977002,0.064807,0.203144,-0.001143,0.951090,-0.308911,-0.213228,-0.302039,-0.929143),fov=75.000000,dt=0.030502},
	{cf=CFrame.new(140.022034,917.066223,-511.782715,-0.974795,0.065561,0.213251,-0.000805,0.954808,-0.297223,-0.223100,-0.289904,-0.930689),fov=75.000000,dt=0.041240},
	{cf=CFrame.new(146.898590,923.305237,-520.308838,-0.972483,0.066268,0.223349,-0.000249,0.958396,-0.285442,-0.232973,-0.277643,-0.932008),fov=75.000000,dt=0.023325},
	{cf=CFrame.new(151.704742,928.972046,-525.192200,-0.970969,0.065781,0.229982,-0.000113,0.961318,-0.275440,-0.239205,-0.267469,-0.933403),fov=75.000000,dt=0.034183},
	{cf=CFrame.new(153.072693,931.519409,-525.812378,-0.970652,0.065149,0.231497,-0.000128,0.962467,-0.271397,-0.240489,-0.263461,-0.934213),fov=75.000000,dt=0.025314},
	{cf=CFrame.new(155.808594,936.614136,-527.052856,-0.969972,0.063797,0.234700,-0.000234,0.964740,-0.263206,-0.243216,-0.255357,-0.935756),fov=75.000000,dt=0.025044},
	{cf=CFrame.new(157.176575,939.161499,-527.672974,-0.969630,0.063064,0.236305,-0.000315,0.965862,-0.259057,-0.244575,-0.251264,-0.936509),fov=75.000000,dt=0.025590},
	{cf=CFrame.new(159.912445,944.256104,-528.913513,-0.968958,0.061663,0.239413,-0.000376,0.968027,-0.250845,-0.247226,-0.243148,-0.937955),fov=75.000000,dt=0.028415},
	{cf=CFrame.new(161.280457,946.803467,-529.533752,-0.968609,0.060911,0.241011,-0.000439,0.969095,-0.246686,-0.248588,-0.239048,-0.938648),fov=75.000000,dt=0.021166},
	{cf=CFrame.new(165.384308,954.445557,-531.394409,-0.967565,0.058786,0.245687,-0.000428,0.972165,-0.234298,-0.252622,-0.226803,-0.940608),fov=75.000000,dt=0.038649},
	{cf=CFrame.new(166.752228,956.992920,-532.014587,-0.967229,0.058008,0.247192,-0.000471,0.973141,-0.230209,-0.253907,-0.222782,-0.941222),fov=75.000000,dt=0.027436},
	{cf=CFrame.new(169.488159,962.087646,-533.255127,-0.966503,0.056520,0.250355,-0.000450,0.975076,-0.221869,-0.256655,-0.214550,-0.942389),fov=75.000000,dt=0.030354},
	{cf=CFrame.new(170.856110,964.635010,-533.875305,-0.966160,0.055723,0.251852,-0.000476,0.976000,-0.217772,-0.257942,-0.210522,-0.942945),fov=75.000000,dt=0.018392},
	{cf=CFrame.new(173.591980,969.729614,-535.115784,-0.965443,0.054188,0.254917,-0.000410,0.977827,-0.209414,-0.260612,-0.202282,-0.944014),fov=75.000000,dt=0.025564},
	{cf=CFrame.new(175.136078,972.785156,-535.648804,-0.964960,0.053239,0.256940,-0.000411,0.978893,-0.204372,-0.262397,-0.197317,-0.944571),fov=75.000000,dt=0.031640},
	{cf=CFrame.new(175.312195,973.293457,-535.561646,-0.964825,0.053103,0.257474,-0.000401,0.979088,-0.203436,-0.262892,-0.196383,-0.944628),fov=75.000000,dt=0.026332},
	{cf=CFrame.new(175.488373,973.801636,-535.474609,-0.964691,0.052957,0.258008,-0.000377,0.979300,-0.202415,-0.263386,-0.195365,-0.944701),fov=75.000000,dt=0.019470},
	{cf=CFrame.new(175.840607,974.817993,-535.300354,-0.964445,0.052589,0.258999,-0.000431,0.979688,-0.200528,-0.264284,-0.193510,-0.944832),fov=75.000000,dt=0.021832},
	{cf=CFrame.new(176.016663,975.326172,-535.213318,-0.964309,0.052451,0.259532,-0.000419,0.979879,-0.199591,-0.264779,-0.192577,-0.944885),fov=75.000000,dt=0.022459},
	{cf=CFrame.new(176.368866,976.342651,-535.038940,-0.964060,0.052166,0.260513,-0.000386,0.980259,-0.197717,-0.265684,-0.190712,-0.945008),fov=75.000000,dt=0.033346},
	{cf=CFrame.new(176.721130,977.359009,-534.864807,-0.963787,0.051887,0.261578,-0.000359,0.980635,-0.195842,-0.266674,-0.188844,-0.945105),fov=75.000000,dt=0.026062},
	{cf=CFrame.new(176.897278,977.867188,-534.777649,-0.963675,0.051653,0.262036,-0.000421,0.980825,-0.194891,-0.267078,-0.187922,-0.945175),fov=75.000000,dt=0.027588},
	{cf=CFrame.new(177.249481,978.883545,-534.603455,-0.963400,0.051371,0.263100,-0.000392,0.981196,-0.193016,-0.268068,-0.186055,-0.945264),fov=75.000000,dt=0.023197},
	{cf=CFrame.new(177.601715,979.900024,-534.429199,-0.963150,0.050984,0.264090,-0.000423,0.981582,-0.191042,-0.268966,-0.184114,-0.945389),fov=75.000000,dt=0.032441},
	{cf=CFrame.new(177.777832,980.408203,-534.342102,-0.963012,0.050841,0.264621,-0.000406,0.981764,-0.190104,-0.269460,-0.183180,-0.945429),fov=75.000000,dt=0.025730},
	{cf=CFrame.new(178.130035,981.424561,-534.167847,-0.962757,0.050547,0.265601,-0.000364,0.982125,-0.188228,-0.270367,-0.181314,-0.945530),fov=75.000000,dt=0.027051},
	{cf=CFrame.new(177.205963,980.065796,-532.912659,-0.963112,0.050515,0.264318,-0.000572,0.981837,-0.189727,-0.269101,-0.182880,-0.945590),fov=75.000000,dt=0.025828},
	{cf=CFrame.new(175.357666,977.348145,-530.402222,-0.963817,0.050369,0.261761,-0.001082,0.981238,-0.192798,-0.266561,-0.186105,-0.945679),fov=72.500000,dt=0.029879},
	{cf=CFrame.new(174.433594,975.989380,-529.147034,-0.964167,0.050331,0.260479,-0.001285,0.980942,-0.194298,-0.265294,-0.187670,-0.945727),fov=71.250008,dt=0.019534},
	{cf=CFrame.new(172.585327,973.271729,-526.636536,-0.964837,0.050267,0.257997,-0.001706,0.980325,-0.197382,-0.262842,-0.190882,-0.945769),fov=71.666664,dt=0.028189},
	{cf=CFrame.new(171.661163,971.912964,-525.381348,-0.965182,0.050222,0.256714,-0.001903,0.980022,-0.198882,-0.261573,-0.192446,-0.945803),fov=73.333336,dt=0.021939},
	{cf=CFrame.new(169.731689,969.274170,-523.026245,-0.968098,0.065847,0.241765,0.012618,0.976440,-0.215418,-0.250253,-0.205495,-0.946121),fov=75.000000,dt=0.028469},
	{cf=CFrame.new(167.412415,965.827271,-521.034424,-0.941639,0.144114,0.304218,0.054266,0.956891,-0.285332,-0.332223,-0.252171,-0.908866),fov=75.000000,dt=0.030041},
	{cf=CFrame.new(167.396301,965.548218,-518.916077,-0.978156,0.019799,0.206925,-0.014218,0.986750,-0.161627,-0.207383,-0.161038,-0.964914),fov=75.000000,dt=0.026443},
	{cf=CFrame.new(165.599335,962.870850,-516.027893,-0.977691,-0.024418,0.208623,-0.056324,0.987322,-0.148399,-0.202355,-0.156839,-0.966672),fov=75.000000,dt=0.026582},
	{cf=CFrame.new(162.645813,958.582520,-513.963623,-0.953518,0.036762,0.299087,-0.043826,0.965059,-0.258342,-0.298134,-0.259442,-0.918590),fov=75.000000,dt=0.022273},
	{cf=CFrame.new(158.087372,951.290161,-511.296082,-0.912673,0.290838,0.287126,0.173922,0.912156,-0.371110,-0.369837,-0.288764,-0.883083),fov=75.000000,dt=0.032075},
	{cf=CFrame.new(155.834839,946.442871,-502.967285,-0.973887,-0.152703,0.168006,-0.167100,0.983075,-0.075106,-0.153694,-0.101219,-0.982921),fov=75.000000,dt=0.030239},
	{cf=CFrame.new(150.781616,938.838135,-499.855164,-0.973934,0.054370,0.220218,0.002732,0.973590,-0.228287,-0.226814,-0.221735,-0.948361),fov=75.000000,dt=0.026759},
	{cf=CFrame.new(146.249969,931.776245,-494.574158,-0.964798,0.009570,0.262819,-0.062810,0.962034,-0.265605,-0.255383,-0.272763,-0.927567),fov=75.000000,dt=0.033724},
	{cf=CFrame.new(141.962189,924.347534,-488.812073,-0.930623,-0.074333,0.358351,-0.175309,0.950053,-0.258199,-0.321260,-0.303108,-0.897172),fov=75.000000,dt=0.035713},
	{cf=CFrame.new(140.438232,922.333191,-487.605286,-0.984779,0.014849,0.173180,-0.027539,0.970429,-0.239810,-0.171620,-0.240929,-0.955249),fov=75.000000,dt=0.023385},
	{cf=CFrame.new(136.299957,915.783875,-482.618774,-0.988401,-0.012847,0.151320,-0.049806,0.968727,-0.243079,-0.143465,-0.247797,-0.958131),fov=75.000000,dt=0.034022},
	{cf=CFrame.new(131.778961,908.464233,-478.362488,-0.979337,0.064416,0.191699,0.003068,0.952538,-0.304405,-0.202210,-0.297527,-0.933054),fov=75.000000,dt=0.026814},
	{cf=CFrame.new(127.610809,900.842102,-472.824463,-0.952395,0.012268,0.304620,-0.082127,0.951928,-0.295108,-0.293597,-0.306077,-0.905604),fov=75.000000,dt=0.036481},
	{cf=CFrame.new(119.872681,888.699646,-464.851868,-0.979452,0.036353,0.198377,-0.031574,0.943854,-0.328851,-0.199194,-0.328357,-0.923311),fov=75.000000,dt=0.030777},
	{cf=CFrame.new(108.982193,870.248352,-452.905884,-0.993038,0.025093,0.115092,-0.012679,0.948603,-0.316214,-0.117111,-0.315472,-0.941681),fov=75.000000,dt=0.028180},
	{cf=CFrame.new(97.765198,850.794006,-441.170776,-0.988551,0.073496,0.131777,0.024259,0.939405,-0.341950,-0.148924,-0.334838,-0.930433),fov=75.000000,dt=0.039769},
	{cf=CFrame.new(86.603134,831.962769,-428.915039,-0.993976,0.040610,0.101793,0.002105,0.935717,-0.352746,-0.109574,-0.350407,-0.930166),fov=75.000000,dt=0.037480},
	{cf=CFrame.new(75.175156,813.008850,-416.729675,-0.996344,0.019247,0.083240,-0.015135,0.919121,-0.393684,-0.084085,-0.393504,-0.915470),fov=75.000000,dt=0.034386},
	{cf=CFrame.new(58.160400,784.165100,-398.825134,-0.995588,0.046706,0.081379,0.005673,0.895681,-0.444662,-0.093658,-0.442238,-0.891994),fov=75.000000,dt=0.041377},
	{cf=CFrame.new(46.967209,765.144531,-386.737061,-0.997101,0.038653,0.065534,0.004105,0.887418,-0.460948,-0.075973,-0.459343,-0.885004),fov=75.000000,dt=0.030294},
	{cf=CFrame.new(49.413300,750.127869,-377.200317,-0.995677,0.043475,0.082080,0.000930,0.888318,-0.459228,-0.092879,-0.457167,-0.884518),fov=75.000000,dt=0.020958},
	{cf=CFrame.new(54.277054,720.052734,-358.171814,-0.991330,0.059750,0.117027,-0.000613,0.888520,-0.458838,-0.131397,-0.454932,-0.880780),fov=75.000000,dt=0.031813},
	{cf=CFrame.new(59.149933,689.990784,-339.159302,-0.985751,0.077007,0.149549,0.000011,0.889086,-0.457740,-0.168211,-0.451216,-0.876419),fov=75.000000,dt=0.029342},
	{cf=CFrame.new(63.992981,659.863831,-320.145081,-0.977225,0.097458,0.188502,-0.000092,0.888107,-0.459637,-0.212205,-0.449186,-0.867871),fov=75.000000,dt=0.038078},
	{cf=CFrame.new(66.419144,644.811035,-310.637512,-0.972519,0.106946,0.206810,-0.000202,0.887874,-0.460087,-0.232826,-0.447484,-0.863452),fov=75.000000,dt=0.024715},
	{cf=CFrame.new(71.271362,614.705322,-291.622314,-0.961793,0.125918,0.243102,-0.000363,0.887370,-0.461058,-0.273777,-0.443531,-0.853420),fov=75.000000,dt=0.024649},
	{cf=CFrame.new(73.697556,599.652466,-282.114746,-0.955776,0.135386,0.261079,-0.000401,0.887138,-0.461505,-0.294094,-0.441200,-0.847851),fov=75.000000,dt=0.026166},
	{cf=CFrame.new(78.549820,569.546814,-263.099548,-0.942490,0.154022,0.296633,-0.000646,0.886654,-0.462433,-0.334235,-0.436029,-0.835563),fov=75.000000,dt=0.027968},
	{cf=CFrame.new(83.402130,539.441101,-244.084351,-0.927483,0.172485,0.331698,-0.000924,0.886154,-0.463390,-0.373864,-0.430093,-0.821733),fov=75.000000,dt=0.027205},
	{cf=CFrame.new(85.828278,524.388306,-234.576782,-0.919377,0.181612,0.348947,-0.001038,0.885927,-0.463823,-0.393377,-0.426790,-0.814312),fov=75.000000,dt=0.021984},
	{cf=CFrame.new(90.680527,494.282532,-215.561584,-0.901914,0.199625,0.383017,-0.001377,0.885450,-0.464732,-0.431915,-0.419675,-0.798325),fov=75.000000,dt=0.026014},
	{cf=CFrame.new(93.106705,479.229736,-206.054016,-0.892561,0.208507,0.399825,-0.001603,0.885201,-0.465206,-0.450924,-0.415866,-0.789762),fov=75.000000,dt=0.018048},
	{cf=CFrame.new(95.532837,464.176880,-196.546387,-0.882821,0.217305,0.416420,-0.001810,0.884968,-0.465649,-0.469706,-0.411839,-0.780875),fov=75.000000,dt=0.030585},
	{cf=CFrame.new(102.811279,419.018372,-168.023560,-0.851233,0.243234,0.465017,-0.002408,0.884283,-0.466946,-0.524784,-0.398599,-0.752144),fov=75.000000,dt=0.036411},
	{cf=CFrame.new(105.237411,403.965576,-158.515991,-0.839951,0.251618,0.480802,-0.002662,0.884085,-0.467319,-0.542656,-0.393805,-0.741918),fov=75.000000,dt=0.024106},
	{cf=CFrame.new(107.663498,388.912720,-149.008392,-0.828254,0.259941,0.496412,-0.002943,0.883863,-0.467737,-0.560345,-0.388866,-0.731298),fov=75.555557,dt=0.019374},
	{cf=CFrame.new(104.336838,368.053711,-137.537201,-0.826403,0.276312,0.490622,-0.005204,0.867534,-0.497350,-0.563055,-0.413565,-0.715495),fov=76.666664,dt=0.025312},
	{cf=CFrame.new(102.673599,357.624207,-131.801666,-0.825479,0.284385,0.487554,-0.006380,0.859039,-0.511870,-0.564396,-0.425649,-0.707305),fov=77.222221,dt=0.026641},
	{cf=CFrame.new(99.346909,336.765198,-120.330383,-0.823673,0.300419,0.480948,-0.008807,0.841256,-0.540565,-0.566997,-0.449484,-0.690274),fov=78.333344,dt=0.022355},
	{cf=CFrame.new(96.020294,315.906189,-108.859222,-0.821889,0.316264,0.473789,-0.011291,0.822515,-0.568632,-0.569536,-0.472702,-0.672444),fov=79.444443,dt=0.035811},
	{cf=CFrame.new(92.693634,295.047180,-97.388031,-0.820158,0.331750,0.466137,-0.013983,0.802862,-0.596000,-0.571967,-0.495332,-0.653835),fov=80.555557,dt=0.042510},
	{cf=CFrame.new(87.703705,263.758667,-80.181213,-0.817621,0.354557,0.453635,-0.018105,0.771671,-0.635764,-0.575472,-0.528028,-0.624515),fov=82.222229,dt=0.035650},
	{cf=CFrame.new(84.377029,242.899734,-68.710022,-0.816004,0.369449,0.444571,-0.020895,0.749740,-0.661403,-0.577668,-0.548997,-0.604071),fov=83.333336,dt=0.041506},
	{cf=CFrame.new(68.122620,219.252457,-58.885010,-0.841843,0.384002,0.379265,-0.020213,0.679780,-0.733137,-0.539343,-0.624853,-0.564507),fov=84.999992,dt=0.042233},
	{cf=CFrame.new(57.286346,203.487625,-52.335052,-0.858056,0.389565,0.334634,-0.017247,0.629374,-0.776911,-0.513267,-0.672405,-0.533319),fov=86.111115,dt=0.032461},
	{cf=CFrame.new(51.868195,195.605179,-49.060059,-0.865781,0.391192,0.312077,-0.014967,0.603106,-0.797520,-0.500199,-0.695149,-0.516303),fov=86.666664,dt=0.026860},
	{cf=CFrame.new(41.031921,179.840347,-42.510010,-0.880571,0.391811,0.266608,-0.008907,0.548782,-0.835918,-0.473831,-0.738459,-0.479752),fov=87.777779,dt=0.029198},
	{cf=CFrame.new(33.907181,168.693863,-37.315521,-0.889112,0.393034,0.234532,-0.005283,0.503578,-0.863934,-0.457660,-0.769373,-0.445661),fov=88.888885,dt=0.041680},
	{cf=CFrame.new(30.494003,162.165756,-33.476685,-0.892134,0.396740,0.216091,-0.005452,0.468829,-0.883272,-0.451739,-0.789175,-0.416095),fov=90.000000,dt=0.025294},
	{cf=CFrame.new(27.080917,155.637650,-29.637817,-0.895112,0.399716,0.197490,-0.005364,0.433273,-0.901247,-0.445810,-0.807776,-0.385684),fov=90.000000,dt=0.029223},
	{cf=CFrame.new(23.667740,149.109543,-25.798950,-0.898096,0.401836,0.178751,-0.005011,0.397061,-0.917779,-0.439771,-0.825149,-0.354585),fov=90.000000,dt=0.031312},
	{cf=CFrame.new(20.254578,142.581436,-21.959991,-0.900974,0.403321,0.159933,-0.004355,0.360191,-0.932868,-0.433852,-0.841186,-0.322766),fov=90.000000,dt=0.041059},
	{cf=CFrame.new(16.841461,136.053329,-18.121124,-0.903817,0.403990,0.141091,-0.003485,0.322754,-0.946477,-0.427905,-0.855933,-0.290303),fov=90.000000,dt=0.035429},
	{cf=CFrame.new(13.428284,129.525223,-14.282288,-0.906624,0.403835,0.122269,-0.002372,0.284896,-0.958555,-0.421932,-0.869340,-0.257336),fov=90.000000,dt=0.034641},
	{cf=CFrame.new(11.072693,123.669220,-11.631073,-0.909427,0.401764,0.107368,-0.001848,0.254273,-0.967131,-0.415859,-0.879733,-0.230500),fov=90.000000,dt=0.035226},
	{cf=CFrame.new(8.717026,117.813217,-8.979919,-0.912180,0.399200,0.092557,-0.001118,0.223439,-0.974717,-0.409788,-0.889221,-0.203371),fov=90.000000,dt=0.031048},
	{cf=CFrame.new(6.361435,111.957230,-6.328674,-0.914881,0.396147,0.077848,-0.000182,0.192421,-0.981313,-0.403724,-0.897798,-0.175970),fov=90.000000,dt=0.025989},
	{cf=CFrame.new(5.117279,107.863907,-5.295776,-0.921563,0.380733,0.075920,-0.000059,0.195418,-0.980720,-0.388229,-0.903800,-0.180068),fov=90.000000,dt=0.030872},
	{cf=CFrame.new(4.495193,105.817245,-4.779297,-0.924788,0.373025,0.074965,-0.000042,0.196926,-0.980418,-0.380483,-0.906682,-0.182099),fov=90.000000,dt=0.027053},
	{cf=CFrame.new(3.250977,101.723907,-3.746368,-0.931059,0.357507,0.072930,-0.000011,0.199852,-0.979826,-0.364870,-0.912276,-0.186070),fov=90.000000,dt=0.028479},
	{cf=CFrame.new(2.628937,99.677231,-3.229889,-0.934103,0.349695,0.071868,0.000026,0.201378,-0.979514,-0.357003,-0.914965,-0.188117),fov=90.000000,dt=0.023928},
	{cf=CFrame.new(1.960281,97.373581,-2.710052,-0.945233,0.319901,0.064794,-0.000492,0.197115,-0.980380,-0.326396,-0.926720,-0.186163),fov=90.000000,dt=0.031169},
	{cf=CFrame.new(1.820740,96.602615,-2.699829,-0.966373,0.252764,0.047256,-0.001108,0.179678,-0.983725,-0.257141,-0.950698,-0.173356),fov=90.000000,dt=0.037746},
	{cf=CFrame.new(1.774200,96.345627,-2.696472,-0.972295,0.230020,0.041632,-0.001034,0.173865,-0.984769,-0.233755,-0.957529,-0.168810),fov=90.000000,dt=0.032910},
	{cf=CFrame.new(1.681152,95.831619,-2.689636,-0.982447,0.183985,0.030784,-0.000530,0.162266,-0.986747,-0.186541,-0.969443,-0.159321),fov=90.000000,dt=0.029329},
	{cf=CFrame.new(1.590118,95.137222,-2.714386,-0.985219,0.168984,0.028063,-0.000220,0.162579,-0.986696,-0.171298,-0.972118,-0.160139),fov=90.000000,dt=0.030665},
	{cf=CFrame.new(1.501205,94.262421,-2.770569,-0.982087,0.185434,0.033456,-0.000526,0.174856,-0.984594,-0.188427,-0.966974,-0.171626),fov=90.000000,dt=0.034598},
	{cf=CFrame.new(1.412201,93.387619,-2.826721,-0.978651,0.201787,0.039040,-0.000624,0.187031,-0.982354,-0.205528,-0.961406,-0.182912),fov=90.000000,dt=0.025776},
	{cf=CFrame.new(1.348724,92.698593,-2.867218,-0.976024,0.213344,0.043141,-0.000549,0.195789,-0.980646,-0.217661,-0.957158,-0.190978),fov=90.000000,dt=0.032974},
	{cf=CFrame.new(1.329758,92.446976,-2.879578,-0.975204,0.216826,0.044322,-0.000444,0.198352,-0.980131,-0.221309,-0.955847,-0.193338),fov=90.000000,dt=0.029421},
	{cf=CFrame.new(1.272797,91.692123,-2.916656,-0.972697,0.227046,0.048076,-0.000275,0.206027,-0.978546,-0.232080,-0.951842,-0.200339),fov=90.000000,dt=0.034497},
	{cf=CFrame.new(1.264725,91.535416,-2.922211,-0.972332,0.228482,0.048638,-0.000256,0.207167,-0.978306,-0.233602,-0.951251,-0.201377),fov=90.000000,dt=0.024123},
	{cf=CFrame.new(1.216461,90.519073,-2.955841,-0.970085,0.237171,0.051823,0.000010,0.213507,-0.976942,-0.242767,-0.947716,-0.207122),fov=90.000000,dt=0.120559},
	{cf=CFrame.new(1.216675,90.366989,-2.956635,-0.970115,0.237054,0.051801,-0.000017,0.213415,-0.976962,-0.242648,-0.947765,-0.207033),fov=90.000000,dt=0.036399},
	{cf=CFrame.new(1.216934,90.214920,-2.957397,-0.970131,0.237003,0.051724,0.000021,0.213308,-0.976985,-0.242582,-0.947802,-0.206942),fov=90.000000,dt=0.029237},
	{cf=CFrame.new(1.217148,90.062851,-2.958221,-0.970131,0.237006,0.051714,0.000005,0.213201,-0.977009,-0.242582,-0.947826,-0.206834),fov=90.000000,dt=0.025536},
	{cf=CFrame.new(1.217270,89.986801,-2.958557,-0.970161,0.236886,0.051702,-0.000006,0.213217,-0.977005,-0.242463,-0.947852,-0.206853),fov=90.000000,dt=0.024489},
	{cf=CFrame.new(1.213593,89.824753,-2.944031,-0.970161,0.236888,0.051692,-0.000022,0.213109,-0.977028,-0.242463,-0.947876,-0.206745),fov=90.000000,dt=0.027642},
	{cf=CFrame.new(1.206131,89.652725,-2.914307,-0.970161,0.236888,0.051692,-0.000022,0.213109,-0.977028,-0.242463,-0.947876,-0.206745),fov=90.000000,dt=0.030486},
	{cf=CFrame.new(1.202423,89.566696,-2.899414,-0.970161,0.236888,0.051692,-0.000022,0.213109,-0.977028,-0.242463,-0.947876,-0.206745),fov=90.000000,dt=0.029996},
	{cf=CFrame.new(1.194931,89.394669,-2.869598,-0.970161,0.236888,0.051692,-0.000022,0.213109,-0.977028,-0.242463,-0.947876,-0.206745),fov=90.000000,dt=0.028238},
	{cf=CFrame.new(1.187454,89.222626,-2.839874,-0.970161,0.236888,0.051692,-0.000022,0.213109,-0.977028,-0.242463,-0.947876,-0.206745),fov=90.000000,dt=0.034998},
	{cf=CFrame.new(1.183685,89.136612,-2.824982,-0.970161,0.236888,0.051692,-0.000022,0.213109,-0.977028,-0.242462,-0.947876,-0.206745),fov=90.000000,dt=0.035165},
	{cf=CFrame.new(1.183685,89.136612,-2.824982,-0.970161,0.236888,0.051692,-0.000022,0.213109,-0.977028,-0.242463,-0.947876,-0.206745),fov=90.000000,dt=0.037203},
	{cf=CFrame.new(1.183685,89.136612,-2.824982,-0.970161,0.236888,0.051692,-0.000022,0.213109,-0.977028,-0.242463,-0.947876,-0.206745),fov=90.000000,dt=0.042228},
	{cf=CFrame.new(1.183685,89.136612,-2.824982,-0.970161,0.236888,0.051692,-0.000022,0.213109,-0.977028,-0.242463,-0.947876,-0.206745),fov=90.000000,dt=0.038942},
	{cf=CFrame.new(1.183685,89.136612,-2.824982,-0.970161,0.236888,0.051692,-0.000022,0.213109,-0.977028,-0.242463,-0.947876,-0.206745),fov=90.000000,dt=0.033825},
	{cf=CFrame.new(1.183685,89.136612,-2.824982,-0.970161,0.236888,0.051692,-0.000022,0.213109,-0.977028,-0.242463,-0.947876,-0.206745),fov=90.000000,dt=0.033677},
	{cf=CFrame.new(1.183685,89.136612,-2.824982,-0.970161,0.236888,0.051692,-0.000022,0.213109,-0.977028,-0.242463,-0.947876,-0.206745),fov=90.000000,dt=0.028662},
	{cf=CFrame.new(1.183685,89.136612,-2.824982,-0.970161,0.236888,0.051692,-0.000022,0.213109,-0.977028,-0.242463,-0.947876,-0.206745),fov=90.000000,dt=0.038263},
	{cf=CFrame.new(1.183685,89.136612,-2.824982,-0.970161,0.236888,0.051692,-0.000022,0.213109,-0.977028,-0.242463,-0.947876,-0.206745),fov=90.000000,dt=0.028829},
	{cf=CFrame.new(1.183685,89.136612,-2.824982,-0.970161,0.236888,0.051692,-0.000022,0.213109,-0.977028,-0.242463,-0.947876,-0.206745),fov=90.000000,dt=0.031328},
	{cf=CFrame.new(1.183243,89.137039,-2.824799,-0.970173,0.236837,0.051701,-0.000054,0.213065,-0.977038,-0.242414,-0.947899,-0.206697),fov=90.000000,dt=0.023049},
	{cf=CFrame.new(1.188004,89.109711,-2.829041,-0.970207,0.236696,0.051704,-0.000061,0.213171,-0.977015,-0.242277,-0.947910,-0.206806),fov=90.000000,dt=0.034028},
	{cf=CFrame.new(1.193100,89.081985,-2.833282,-0.970230,0.236602,0.051699,-0.000039,0.213317,-0.976983,-0.242184,-0.947901,-0.206958),fov=90.000000,dt=0.022009},
	{cf=CFrame.new(1.197952,89.054504,-2.837524,-0.970260,0.236476,0.051709,-0.000018,0.213546,-0.976933,-0.242064,-0.947880,-0.207191),fov=90.000000,dt=0.023995},
	{cf=CFrame.new(1.207718,88.999634,-2.845978,-0.970322,0.236223,0.051710,-0.000014,0.213784,-0.976881,-0.241816,-0.947890,-0.207436),fov=90.000000,dt=0.031959},
	{cf=CFrame.new(1.217545,88.944611,-2.854523,-0.970351,0.236102,0.051719,0.000009,0.214016,-0.976830,-0.241700,-0.947868,-0.207673),fov=90.000000,dt=0.033045},
	{cf=CFrame.new(1.227448,88.889542,-2.862976,-0.970408,0.235869,0.051716,0.000025,0.214271,-0.976774,-0.241472,-0.947868,-0.207936),fov=90.000000,dt=0.028630},
	{cf=CFrame.new(1.237183,88.834595,-2.871429,-0.970468,0.235622,0.051716,0.000033,0.214513,-0.976721,-0.241230,-0.947875,-0.208186),fov=90.000000,dt=0.035683},
	{cf=CFrame.new(1.250595,88.759888,-2.883026,-0.970554,0.235267,0.051711,0.000055,0.214890,-0.976638,-0.240883,-0.947878,-0.208575),fov=90.000000,dt=0.030489},
	{cf=CFrame.new(1.272995,88.666885,-2.899048,-0.970677,0.234804,0.051509,0.000396,0.215834,-0.976430,-0.240387,-0.947778,-0.209599),fov=90.000000,dt=0.038649},
	{cf=CFrame.new(1.287949,88.572083,-2.913086,-0.970763,0.234418,0.051639,0.000253,0.216128,-0.976365,-0.240039,-0.947806,-0.209869),fov=90.000000,dt=0.026457},
	{cf=CFrame.new(1.305084,88.477890,-2.927734,-0.970853,0.234046,0.051634,0.000304,0.216636,-0.976253,-0.239673,-0.947783,-0.210392),fov=90.000000,dt=0.031162},
	{cf=CFrame.new(1.346848,88.242218,-2.964050,-0.971086,0.233078,0.051643,0.000346,0.217698,-0.976016,-0.238730,-0.947778,-0.211484),fov=90.000000,dt=0.031734},
	{cf=CFrame.new(1.367294,88.124222,-2.982025,-0.971198,0.232607,0.051660,0.000332,0.218128,-0.975920,-0.238274,-0.947794,-0.211923),fov=90.000000,dt=0.028712},
	{cf=CFrame.new(1.408768,87.888443,-3.018250,-0.971456,0.231526,0.051668,0.000342,0.219174,-0.975686,-0.237221,-0.947818,-0.212997),fov=90.000000,dt=0.025349},
	{cf=CFrame.new(1.451447,87.537079,-3.075500,-0.971691,0.230546,0.051623,0.000399,0.220107,-0.975476,-0.236255,-0.947840,-0.213968),fov=90.000000,dt=0.035543},
	{cf=CFrame.new(1.493179,87.069595,-3.153229,-0.971905,0.229661,0.051544,0.000425,0.220697,-0.975342,-0.235374,-0.947918,-0.214594),fov=90.000000,dt=0.033401},
	{cf=CFrame.new(1.536179,86.401260,-3.266693,-0.972148,0.228656,0.051426,0.000382,0.220971,-0.975280,-0.234368,-0.948097,-0.214904),fov=90.000000,dt=0.029202},
	{cf=CFrame.new(1.587997,85.536270,-3.419495,-0.972510,0.227289,0.050641,0.001017,0.221613,-0.975134,-0.232860,-0.948276,-0.215752),fov=90.000000,dt=0.033489},
	{cf=CFrame.new(1.567032,84.539185,-3.613495,-0.972359,0.228003,0.050320,0.000954,0.219389,-0.975637,-0.233488,-0.948622,-0.213543),fov=90.000000,dt=0.033636},
	{cf=CFrame.new(1.546539,83.542343,-3.807770,-0.972200,0.228745,0.050039,0.000892,0.217319,-0.976100,-0.234153,-0.948920,-0.211482),fov=90.000000,dt=0.036689},
	{cf=CFrame.new(1.510635,80.544556,-4.405029,-0.971876,0.230292,0.049218,0.000957,0.212860,-0.977082,-0.235491,-0.949556,-0.207093),fov=90.000000,dt=0.050257},
	{cf=CFrame.new(1.482407,78.543686,-4.801056,-0.971609,0.231465,0.048990,0.000616,0.209539,-0.977800,-0.236592,-0.950009,-0.203733),fov=90.000000,dt=0.031187},
	{cf=CFrame.new(1.475159,74.997803,-5.525452,-0.971406,0.232428,0.048446,0.000645,0.206634,-0.978418,-0.237422,-0.950411,-0.200875),fov=90.000000,dt=0.046779},
	{cf=CFrame.new(1.467651,71.458832,-6.251221,-0.971393,0.232662,0.047585,0.000816,0.203648,-0.979044,-0.237476,-0.950998,-0.198012),fov=90.000000,dt=0.054155},
	{cf=CFrame.new(1.606476,68.193497,-6.989410,-0.971782,0.230667,0.049326,0.000473,0.211017,-0.977482,-0.235882,-0.949876,-0.205172),fov=90.000000,dt=0.029928},
	{cf=CFrame.new(1.676849,66.562363,-7.359497,-0.972010,0.229551,0.050029,0.000460,0.214804,-0.976657,-0.234939,-0.949298,-0.208898),fov=90.000000,dt=0.027881},
	{cf=CFrame.new(1.889420,61.672379,-8.471039,-0.972791,0.225770,0.052024,0.000397,0.226172,-0.974087,-0.231686,-0.947562,-0.220108),fov=90.000000,dt=0.041574},
	{cf=CFrame.new(2.030289,58.409744,-9.211792,-0.973251,0.223446,0.053422,0.000284,0.233698,-0.972309,-0.229744,-0.946286,-0.227510),fov=90.000000,dt=0.030813},
	{cf=CFrame.new(2.119888,56.736862,-9.600464,-0.973570,0.221841,0.054305,0.000242,0.238776,-0.971075,-0.228391,-0.945395,-0.232519),fov=90.000000,dt=0.030150},
	{cf=CFrame.new(2.164612,55.900208,-9.794800,-0.973716,0.221093,0.054731,0.000240,0.241287,-0.970454,-0.227767,-0.944933,-0.234998),fov=90.000000,dt=0.029837},
	{cf=CFrame.new(2.254227,54.227585,-10.183533,-0.974038,0.219457,0.055583,0.000171,0.246234,-0.969211,-0.226387,-0.944038,-0.239878),fov=90.000000,dt=0.032646},
	{cf=CFrame.new(2.346405,52.549026,-10.581177,-0.974200,0.218731,0.055598,0.001186,0.251310,-0.967906,-0.225683,-0.942868,-0.245086),fov=90.000000,dt=0.028105},
	{cf=CFrame.new(2.436340,50.876984,-10.970062,-0.974532,0.217034,0.056420,0.001134,0.256360,-0.966581,-0.224244,-0.941900,-0.250078),fov=90.000000,dt=0.032427},
	{cf=CFrame.new(2.480774,50.042557,-11.161957,-0.974761,0.215847,0.057017,0.000827,0.258886,-0.965908,-0.223250,-0.941482,-0.252531),fov=90.000000,dt=0.026318},
	{cf=CFrame.new(2.566330,48.635544,-11.565216,-0.975349,0.213171,0.057031,0.000785,0.261798,-0.965122,-0.220667,-0.941286,-0.255512),fov=90.000000,dt=0.031150},
	{cf=CFrame.new(2.694595,46.524994,-12.170197,-0.976234,0.209078,0.057037,0.000674,0.266113,-0.963942,-0.216717,-0.940994,-0.259929),fov=90.000000,dt=0.040208},
	{cf=CFrame.new(2.736954,45.822800,-12.369720,-0.976561,0.207504,0.057198,0.000405,0.267508,-0.963556,-0.215242,-0.940947,-0.261321),fov=90.000000,dt=0.028306},
	{cf=CFrame.new(2.822433,44.416061,-12.772461,-0.977148,0.204730,0.057165,0.000329,0.270395,-0.962749,-0.212561,-0.940730,-0.264283),fov=90.000000,dt=0.022684},
	{cf=CFrame.new(2.865173,43.712631,-12.973969,-0.977437,0.203358,0.057128,0.000298,0.271784,-0.962358,-0.211229,-0.940627,-0.265712),fov=90.000000,dt=0.024779},
	{cf=CFrame.new(2.950684,42.305634,-13.377136,-0.977992,0.200674,0.057115,0.000203,0.274659,-0.961542,-0.208643,-0.940368,-0.268655),fov=90.000000,dt=0.029827},
	{cf=CFrame.new(3.069214,41.035248,-13.743774,-0.978578,0.197447,0.058310,-0.000358,0.281594,-0.959533,-0.205876,-0.938999,-0.275491),fov=90.000000,dt=0.032641},
	{cf=CFrame.new(3.139267,39.900192,-14.103912,-0.979126,0.194951,0.057501,0.000020,0.282994,-0.959122,-0.203254,-0.939100,-0.277091),fov=90.000000,dt=0.031087},
	{cf=CFrame.new(3.209900,38.764725,-14.463226,-0.979658,0.192475,0.056784,0.000301,0.284370,-0.958715,-0.200676,-0.939195,-0.278644),fov=90.000000,dt=0.031028},
	{cf=CFrame.new(3.281509,37.629028,-14.821991,-0.980190,0.189958,0.056066,0.000608,0.285963,-0.958241,-0.198058,-0.939224,-0.280413),fov=90.000000,dt=0.032851},
	{cf=CFrame.new(3.311295,37.060898,-15.002655,-0.980439,0.188789,0.055667,0.000670,0.286024,-0.958222,-0.196824,-0.939441,-0.280555),fov=90.000000,dt=0.029274},
	{cf=CFrame.new(3.375961,35.925919,-15.359833,-0.980977,0.186141,0.055096,0.000634,0.286887,-0.957964,-0.194123,-0.939706,-0.281547),fov=90.000000,dt=0.022173},
	{cf=CFrame.new(3.454102,34.789871,-15.717560,-0.981470,0.183684,0.054560,0.000890,0.289109,-0.957296,-0.191613,-0.939509,-0.283915),fov=90.000000,dt=0.033411},
	{cf=CFrame.new(3.472000,34.466507,-15.833862,-0.981655,0.182792,0.054236,0.000894,0.288863,-0.957370,-0.190667,-0.939758,-0.283728),fov=90.000000,dt=0.031760},
	{cf=CFrame.new(3.477188,34.305603,-15.890900,-0.981775,0.182166,0.054162,0.000681,0.288363,-0.957521,-0.190046,-0.940033,-0.283232),fov=90.000000,dt=0.024937},
	{cf=CFrame.new(3.491730,33.948532,-15.992096,-0.981231,0.184337,0.056616,-0.001152,0.287987,-0.957634,-0.192832,-0.939725,-0.282370),fov=90.000000,dt=0.029815},
	{cf=CFrame.new(3.507339,33.614532,-16.102112,-0.981177,0.184403,0.057341,-0.001914,0.287631,-0.957740,-0.193104,-0.939821,-0.281864),fov=90.000000,dt=0.032682},
	{cf=CFrame.new(3.523407,33.291718,-16.214325,-0.981382,0.183254,0.057504,-0.002502,0.287177,-0.957874,-0.192049,-0.940185,-0.281372),fov=90.000000,dt=0.031067},
	{cf=CFrame.new(3.467606,34.079117,-16.143433,-0.982422,0.177902,0.056554,-0.002400,0.290894,-0.956752,-0.186660,-0.940070,-0.285353),fov=90.000000,dt=0.030094},
	{cf=CFrame.new(3.440002,34.480301,-16.108978,-0.983096,0.174425,0.055664,-0.002206,0.292712,-0.956198,-0.183079,-0.940157,-0.287379),fov=90.000000,dt=0.027503},
	{cf=CFrame.new(3.383102,35.265076,-16.034485,-0.984031,0.169241,0.055154,-0.002563,0.296348,-0.955077,-0.177983,-0.939966,-0.291182),fov=90.000000,dt=0.033861},
	{cf=CFrame.new(3.329498,36.057526,-15.964233,-0.985093,0.163367,0.053891,-0.002390,0.300243,-0.953860,-0.172009,-0.939769,-0.295377),fov=90.000000,dt=0.035999},
	{cf=CFrame.new(3.212723,37.820450,-15.764221,-0.986845,0.153260,0.051458,-0.001711,0.308375,-0.951263,-0.161659,-0.938838,-0.304057),fov=90.000000,dt=0.038807},
	{cf=CFrame.new(3.092392,39.738922,-15.495605,-0.987846,0.146874,0.050876,-0.001637,0.317466,-0.948268,-0.155427,-0.936826,-0.313368),fov=90.000000,dt=0.032956},
	{cf=CFrame.new(3.036697,40.699219,-15.364532,-0.988346,0.143705,0.050213,-0.001196,0.322518,-0.946563,-0.152221,-0.935591,-0.318587),fov=90.000000,dt=0.028273},
	{cf=CFrame.new(2.851044,43.584671,-14.960724,-0.989865,0.133255,0.049107,-0.001541,0.335686,-0.941973,-0.142007,-0.932501,-0.332078),fov=90.000000,dt=0.036520},
	{cf=CFrame.new(2.673630,46.454239,-14.555908,-0.991033,0.124455,0.048639,-0.002070,0.349662,-0.936874,-0.133606,-0.928573,-0.346269),fov=90.000000,dt=0.051466},
	{cf=CFrame.new(2.469940,49.594360,-14.130585,-0.993230,0.108954,0.040292,0.001837,0.361539,-0.932355,-0.116151,-0.925969,-0.359292),fov=90.000000,dt=0.031123},
	{cf=CFrame.new(2.270218,52.689163,-13.679932,-0.994596,0.097245,0.036375,0.002667,0.374159,-0.927361,-0.103791,-0.922252,-0.372396),fov=90.000000,dt=0.036874},
	{cf=CFrame.new(2.158966,54.276260,-13.468353,-0.995649,0.087824,0.031152,0.004486,0.379084,-0.925352,-0.093077,-0.921185,-0.377829),fov=90.000000,dt=0.022333},
	{cf=CFrame.new(1.957291,57.371841,-13.016174,-0.996729,0.076151,0.027047,0.004940,0.391475,-0.920176,-0.080661,-0.917032,-0.390571),fov=90.000000,dt=0.029038},
	{cf=CFrame.new(1.744232,60.483368,-12.563538,-0.997780,0.062790,0.022226,0.004939,0.402503,-0.915406,-0.066424,-0.913263,-0.401919),fov=90.000000,dt=0.035739},
	{cf=CFrame.new(1.507401,63.624573,-12.121979,-0.998797,0.046838,0.014551,0.005991,0.410983,-0.911623,-0.048679,-0.910439,-0.410770),fov=90.000000,dt=0.036979},
	{cf=CFrame.new(1.287201,66.737823,-11.666901,-0.999399,0.033372,0.009369,0.005565,0.421262,-0.906922,-0.034212,-0.906325,-0.421194),fov=90.000000,dt=0.024765},
	{cf=CFrame.new(1.128311,68.878448,-11.330383,-0.999663,0.025178,0.006368,0.004999,0.427141,-0.904171,-0.025485,-0.903834,-0.427123),fov=90.000000,dt=0.028892},
	{cf=CFrame.new(1.048203,69.943420,-11.159424,-0.999756,0.021439,0.005330,0.004408,0.430001,-0.902818,-0.021647,-0.902574,-0.429990),fov=90.000000,dt=0.030137},
	{cf=CFrame.new(0.900070,72.074280,-10.820496,-0.999895,0.014180,0.002970,0.003526,0.437001,-0.899454,-0.014052,-0.899349,-0.437006),fov=90.000000,dt=0.033382},
	{cf=CFrame.new(0.785217,73.660324,-10.610046,-0.999930,0.011009,-0.004411,0.008888,0.449308,-0.893333,-0.007853,-0.893309,-0.449374),fov=90.000000,dt=0.025711},
	{cf=CFrame.new(0.651764,75.253174,-10.398743,-0.999902,0.007096,-0.012051,0.013964,0.459659,-0.887986,-0.000761,-0.888067,-0.459713),fov=90.000000,dt=0.029559},
	{cf=CFrame.new(0.608017,76.046143,-10.297363,-0.999853,0.005856,-0.016141,0.017007,0.467206,-0.883985,0.002365,-0.884129,-0.467237),fov=90.000000,dt=0.017740},
	{cf=CFrame.new(0.574677,76.909576,-10.177032,-0.999746,-0.003738,-0.022226,0.017772,0.475784,-0.879383,0.013862,-0.879555,-0.475596),fov=90.000000,dt=0.029715},
	{cf=CFrame.new(0.479218,78.526917,-9.973663,-0.999435,-0.009402,-0.032274,0.023532,0.489936,-0.871441,0.024006,-0.871708,-0.489438),fov=90.000000,dt=0.024729},
	{cf=CFrame.new(0.342194,80.140579,-9.767334,-0.999014,-0.014732,-0.041889,0.028929,0.499740,-0.865692,0.033687,-0.866050,-0.498821),fov=90.000000,dt=0.028312},
	{cf=CFrame.new(0.265747,80.640350,-9.727600,-0.998823,-0.011805,-0.047046,0.034662,0.504770,-0.862558,0.033930,-0.863173,-0.503767),fov=90.000000,dt=0.030026},
	{cf=CFrame.new(0.062500,82.164276,-9.599609,-0.998007,-0.005697,-0.062840,0.050615,0.522377,-0.851211,0.037675,-0.852696,-0.521048),fov=90.000000,dt=0.037890},
	{cf=CFrame.new(-0.080856,82.946136,-9.537994,-0.997521,0.006001,-0.070104,0.062571,0.531336,-0.844847,0.032179,-0.847140,-0.530394),fov=90.000000,dt=0.030346},
	{cf=CFrame.new(-0.148148,83.244492,-9.518341,-0.997211,0.013106,-0.073470,0.069062,0.535197,-0.841900,0.028287,-0.844626,-0.534609),fov=90.000000,dt=0.028707},
	{cf=CFrame.new(-0.269577,83.912857,-9.477661,-0.996225,0.020383,-0.084384,0.081859,0.544194,-0.834956,0.028902,-0.838712,-0.543808),fov=90.000000,dt=0.027091},
	{cf=CFrame.new(-0.488632,84.908661,-9.420776,-0.994394,0.032433,-0.100641,0.101703,0.553774,-0.826433,0.028929,-0.832035,-0.553969),fov=90.000000,dt=0.048284},
	{cf=CFrame.new(-0.479477,85.704834,-9.387054,-0.992334,0.028211,-0.120326,0.114582,0.574874,-0.810180,0.046317,-0.817755,-0.573700),fov=90.000000,dt=0.031906},
	{cf=CFrame.new(-0.599976,86.092422,-9.302856,-0.992079,0.043114,-0.117986,0.120938,0.581748,-0.804328,0.033961,-0.812226,-0.582354),fov=90.000000,dt=0.038752},
	{cf=CFrame.new(-0.972610,87.124832,-9.116821,-0.987399,0.095106,-0.126488,0.158218,0.610461,-0.776083,0.003406,-0.786316,-0.617816),fov=90.000000,dt=0.136727},
	{cf=CFrame.new(-1.202301,87.616821,-9.360107,-0.978313,0.102537,-0.179974,0.205230,0.597365,-0.775265,0.028017,-0.795387,-0.605454),fov=90.000000,dt=0.032990},
	{cf=CFrame.new(-1.257050,87.830643,-9.349335,-0.974600,0.117723,-0.190516,0.222601,0.602545,-0.766413,0.024570,-0.789355,-0.613445),fov=90.000000,dt=0.028177},
	{cf=CFrame.new(-1.294128,88.078247,-9.318848,-0.971001,0.128344,-0.201706,0.237678,0.609329,-0.756457,0.025819,-0.782462,-0.622163),fov=90.000000,dt=0.026353},
	{cf=CFrame.new(-1.326324,88.160904,-9.294678,-0.969466,0.136785,-0.203532,0.244279,0.611550,-0.752552,0.021532,-0.779292,-0.626291),fov=90.000000,dt=0.029766},
	{cf=CFrame.new(-1.545441,88.357162,-9.370148,-0.962532,0.161462,-0.217862,0.270924,0.606851,-0.747217,0.011562,-0.778243,-0.627857),fov=90.000000,dt=0.030857},
	{cf=CFrame.new(-1.835449,88.621155,-9.478241,-0.953764,0.184164,-0.237526,0.300484,0.601795,-0.739968,0.006666,-0.777127,-0.629309),fov=90.000000,dt=0.026246},
	{cf=CFrame.new(-2.099045,88.897537,-9.552521,-0.945372,0.203302,-0.254833,0.325968,0.599180,-0.731251,0.004026,-0.774372,-0.632718),fov=90.000000,dt=0.033531},
	{cf=CFrame.new(-2.305832,89.167648,-9.604980,-0.937190,0.221429,-0.269525,0.348805,0.601707,-0.718529,0.003072,-0.767410,-0.641150),fov=90.000000,dt=0.033783},
	{cf=CFrame.new(-2.502045,89.406265,-9.655304,-0.928532,0.242252,-0.281323,0.371252,0.604719,-0.704619,-0.000574,-0.758703,-0.651437),fov=90.000000,dt=0.033805},
	{cf=CFrame.new(-2.771515,89.671097,-9.742523,-0.917882,0.265032,-0.295383,0.396841,0.607019,-0.688510,-0.003174,-0.749190,-0.662347),fov=90.000000,dt=0.032766},
	{cf=CFrame.new(-3.421005,90.260727,-9.859833,-0.901579,0.284265,-0.326113,0.432598,0.599203,-0.673658,0.003910,-0.748431,-0.663201),fov=90.000000,dt=0.047458},
	{cf=CFrame.new(-3.662872,90.441742,-10.494049,-0.858712,0.353812,-0.370717,0.512450,0.588652,-0.625207,-0.002982,-0.726847,-0.686794),fov=90.000000,dt=0.042086},
	{cf=CFrame.new(-3.985062,90.776337,-10.572998,-0.845079,0.371450,-0.384534,0.534635,0.590741,-0.604310,0.002689,-0.716275,-0.697813),fov=90.000000,dt=0.034543},
	{cf=CFrame.new(-4.458557,91.341141,-10.468262,-0.847746,0.348597,-0.399760,0.529192,0.606796,-0.593090,0.035824,-0.714339,-0.698883),fov=90.000000,dt=0.033437},
	{cf=CFrame.new(-4.931641,91.772690,-10.588745,-0.836137,0.352404,-0.420340,0.545637,0.612832,-0.571592,0.056167,-0.707282,-0.704697),fov=90.000000,dt=0.024098},
	{cf=CFrame.new(-5.397278,92.139755,-10.797882,-0.821162,0.366921,-0.437108,0.567221,0.609134,-0.554271,0.062884,-0.703083,-0.708323),fov=90.000000,dt=0.026921},
	{cf=CFrame.new(-6.299072,92.947327,-11.216644,-0.788842,0.389927,-0.475063,0.608599,0.603311,-0.515387,0.085648,-0.695681,-0.713227),fov=90.000000,dt=0.033378},
	{cf=CFrame.new(-7.611069,94.259476,-11.734772,-0.743058,0.408441,-0.530133,0.655999,0.601258,-0.456239,0.132400,-0.686779,-0.714706),fov=90.000000,dt=0.039845},
	{cf=CFrame.new(-8.450989,95.230331,-12.018890,-0.713009,0.408855,-0.569610,0.679134,0.604708,-0.416059,0.174340,-0.683496,-0.708830),fov=90.000000,dt=0.032076},
	{cf=CFrame.new(-8.651428,95.844025,-12.176392,-0.692780,0.400072,-0.599999,0.685818,0.622733,-0.376640,0.222956,-0.672418,-0.705794),fov=90.000000,dt=0.026799},
	{cf=CFrame.new(-9.695709,97.082687,-12.390259,-0.662536,0.387813,-0.640818,0.697824,0.630471,-0.339923,0.272190,-0.672390,-0.688335),fov=90.000000,dt=0.033125},
	{cf=CFrame.new(-11.208389,98.118530,-12.754974,-0.631031,0.415834,-0.654892,0.726743,0.612200,-0.311538,0.271376,-0.672528,-0.688521),fov=90.000000,dt=0.031389},
	{cf=CFrame.new(-12.590088,99.141891,-13.367798,-0.577356,0.461583,-0.673500,0.765986,0.591815,-0.251040,0.282712,-0.660831,-0.695254),fov=90.000000,dt=0.029088},
	{cf=CFrame.new(-13.916000,100.338699,-13.995117,-0.514371,0.493839,-0.701104,0.798784,0.573376,-0.182164,0.312037,-0.653730,-0.689398),fov=90.000000,dt=0.034908},
	{cf=CFrame.new(-16.445557,103.170410,-14.824371,-0.358794,0.483860,-0.798215,0.846981,0.528164,-0.060552,0.392290,-0.697798,-0.599323),fov=90.000000,dt=0.028808},
	{cf=CFrame.new(-21.382912,108.468369,-16.160889,-0.062638,0.454621,-0.888480,0.866975,0.465780,0.177211,0.494401,-0.759189,-0.423321),fov=90.000000,dt=0.067191},
	{cf=CFrame.new(-25.826073,113.642609,-16.425812,0.141236,0.421985,-0.895535,0.768481,0.523536,0.367894,0.624091,-0.740161,-0.250345),fov=90.000000,dt=0.053597},
	{cf=CFrame.new(-29.060928,117.198441,-17.177399,0.332007,0.424904,-0.842157,0.680407,0.510475,0.525796,0.653313,-0.747577,-0.119627),fov=90.000000,dt=0.036633},
	{cf=CFrame.new(-32.866539,121.005219,-16.896576,0.417407,0.415903,-0.807958,0.634561,0.503030,0.586765,0.650465,-0.757618,-0.053947),fov=90.000000,dt=0.038185},
	{cf=CFrame.new(-38.186386,128.053101,-16.197876,0.566436,0.374450,-0.734124,0.505351,0.545846,0.668335,0.650977,-0.749560,0.119958),fov=90.000000,dt=0.039085},
	{cf=CFrame.new(-44.591583,136.035004,-15.567444,0.703965,0.309298,-0.639350,0.433925,0.525349,0.731927,0.562265,-0.792681,0.235615),fov=90.000000,dt=0.068394},
	{cf=CFrame.new(-49.483391,140.120682,-15.531769,0.703349,0.420667,-0.573009,0.387178,0.449320,0.805111,0.596148,-0.788131,0.153155),fov=90.000000,dt=0.055326},
	{cf=CFrame.new(-53.453102,145.319855,-14.755707,0.740935,0.388566,-0.547752,0.335231,0.492746,0.803008,0.581924,-0.778600,0.234833),fov=90.000000,dt=0.039606},
	{cf=CFrame.new(-54.817810,147.098221,-14.573151,0.759165,0.377809,-0.530028,0.314543,0.499967,0.806905,0.569853,-0.779290,0.260720),fov=90.000000,dt=0.030060},
	{cf=CFrame.new(-57.798668,150.320587,-13.588043,0.739920,0.409641,-0.533585,0.291886,0.519137,0.803306,0.606070,-0.750128,0.264551),fov=90.000000,dt=0.044769},
	{cf=CFrame.new(-59.939644,153.886322,-12.779053,0.813253,0.294412,-0.501937,0.304004,0.520544,0.797882,0.496186,-0.801471,0.333831),fov=90.000000,dt=0.031035},
	{cf=CFrame.new(-61.142036,155.336182,-12.777740,0.824098,0.349576,-0.445711,0.229284,0.513650,0.826797,0.517968,-0.783556,0.343146),fov=90.000000,dt=0.038398},
	{cf=CFrame.new(-63.720940,157.603195,-11.799408,0.814389,0.365595,-0.450678,0.257335,0.468565,0.845118,0.520143,-0.804231,0.287514),fov=90.000000,dt=0.042614},
	{cf=CFrame.new(-64.827812,159.472122,-11.338135,0.834289,0.353953,-0.422704,0.221069,0.487600,0.844615,0.505064,-0.798100,0.328552),fov=90.000000,dt=0.034292},
	{cf=CFrame.new(-66.015678,161.187241,-10.951477,0.859887,0.362950,-0.358972,0.156860,0.481318,0.862396,0.485787,-0.797872,0.356947),fov=90.000000,dt=0.036186},
	{cf=CFrame.new(-68.042725,162.658737,-8.913269,0.823852,0.399267,-0.402312,0.181280,0.486899,0.854439,0.537034,-0.776863,0.328753),fov=90.000000,dt=0.044337},
	{cf=CFrame.new(-69.260284,164.742569,-7.471039,0.862419,0.316776,-0.394824,0.197320,0.507902,0.838511,0.466152,-0.801054,0.375518),fov=90.000000,dt=0.036231},
	{cf=CFrame.new(-72.460953,166.482742,-5.257660,0.836383,0.322221,-0.443439,0.301004,0.406108,0.862828,0.458105,-0.855132,0.242672),fov=90.000000,dt=0.055290},
	{cf=CFrame.new(-72.955475,167.881699,-4.756317,0.826882,0.447440,-0.340682,0.089721,0.493072,0.865350,0.555173,-0.746108,0.367568),fov=90.000000,dt=0.045786},
	{cf=CFrame.new(-75.584602,170.992783,-0.344452,0.844449,0.307846,-0.438334,0.222347,0.543040,0.809734,0.487307,-0.781242,0.390121),fov=90.000000,dt=0.099830},
	{cf=CFrame.new(-76.721306,171.456284,0.229584,0.848885,0.340130,-0.404606,0.211974,0.482156,0.850055,0.484212,-0.807365,0.337196),fov=90.000000,dt=0.041664},
	{cf=CFrame.new(-76.779488,173.571701,0.913940,0.926595,0.260344,-0.271373,0.093913,0.538560,0.837337,0.364146,-0.801358,0.474577),fov=90.000000,dt=0.038661},
	{cf=CFrame.new(-79.011383,174.435501,1.906647,0.939316,0.217101,-0.265617,0.168108,0.383638,0.908054,0.299041,-0.897602,0.323861),fov=90.000000,dt=0.033482},
	{cf=CFrame.new(-74.426414,193.399399,2.664673,0.860297,0.409200,-0.304046,0.077516,0.484476,0.871363,0.503865,-0.773200,0.385074),fov=90.000000,dt=0.039967},
	{cf=CFrame.new(-77.245590,207.762375,5.541321,0.935433,0.320493,-0.149161,0.007346,0.404236,0.914625,0.353427,-0.856667,0.375781),fov=90.000000,dt=0.046380},
	{cf=CFrame.new(-79.667465,211.728531,10.297302,0.864022,0.347387,-0.364401,0.261908,0.308002,0.914625,0.429965,-0.885696,0.175137),fov=90.000000,dt=0.046326},
	{cf=CFrame.new(-79.588989,213.753159,10.664429,0.892489,0.371162,-0.256322,0.142670,0.306801,0.941020,0.427911,-0.876420,0.220863),fov=90.000000,dt=0.036296},
	{cf=CFrame.new(-76.802933,215.047653,14.238678,0.857892,0.146378,-0.492539,0.291480,0.650771,0.701097,0.423155,-0.745031,0.515625),fov=90.000000,dt=0.025630},
	{cf=CFrame.new(-79.499107,218.082626,12.422180,0.969187,0.234094,-0.076658,0.001860,0.304244,0.952592,0.246319,-0.923383,0.294434),fov=90.000000,dt=0.033462},
	{cf=CFrame.new(-79.546165,218.613205,15.368744,0.906304,0.302337,-0.295306,0.154405,0.413566,0.897286,0.393412,-0.858810,0.328134),fov=90.000000,dt=0.035070},
	{cf=CFrame.new(-80.480103,224.091415,16.090332,0.995816,-0.046050,-0.078934,0.090056,0.347747,0.933253,-0.015527,-0.936457,0.350439),fov=90.000000,dt=0.034606},
	{cf=CFrame.new(-81.599884,218.533157,19.331482,0.651746,0.575222,-0.494314,0.332869,0.368683,0.867912,0.681487,-0.730200,0.048814),fov=90.000000,dt=0.056439},
	{cf=CFrame.new(-77.343277,222.657608,20.081726,0.878469,0.292781,-0.377587,0.063972,0.711075,0.700200,0.473498,-0.639259,0.605927),fov=90.000000,dt=0.052425},
	{cf=CFrame.new(-80.328560,224.488174,17.601868,0.936325,0.351041,-0.008107,-0.118362,0.337272,0.933937,0.330585,-0.873509,0.357346),fov=90.000000,dt=0.027116},
	{cf=CFrame.new(-81.771370,227.879135,16.682861,0.966721,0.053335,0.250212,-0.255820,0.211791,0.943240,-0.002685,-0.975859,0.218387),fov=90.000000,dt=0.034979},
	{cf=CFrame.new(-81.292664,218.169724,22.844238,0.257329,0.791853,-0.553851,0.237598,0.503709,0.830557,0.936659,-0.345321,-0.058523),fov=90.000000,dt=0.083957},
	{cf=CFrame.new(-79.811516,228.474625,26.812714,0.774649,-0.188126,-0.603761,0.603355,0.505842,0.616513,0.189425,-0.841863,0.505357),fov=90.000000,dt=0.061497},
	{cf=CFrame.new(-82.220367,230.556534,22.123871,0.988149,-0.111894,-0.105078,0.130437,0.251233,0.959098,-0.080918,-0.961437,0.262851),fov=90.000000,dt=0.045258},
	{cf=CFrame.new(-79.890060,223.914444,24.922913,0.678371,0.423170,-0.600616,0.276680,0.610162,0.742395,0.680632,-0.669798,0.296834),fov=90.000000,dt=0.044830},
	{cf=CFrame.new(-81.922668,228.055832,22.924957,0.947859,0.202015,-0.246481,0.180875,0.295770,0.937979,0.262388,-0.933654,0.243809),fov=90.000000,dt=0.034701},
	{cf=CFrame.new(-81.045952,227.424393,23.218292,0.919088,0.273826,-0.283366,0.160069,0.397666,0.903460,0.360076,-0.875717,0.321659),fov=90.000000,dt=0.037742},
	{cf=CFrame.new(-80.281502,227.980453,23.032562,0.939664,0.252993,-0.230274,0.091174,0.463572,0.881356,0.329725,-0.849174,0.412535),fov=90.000000,dt=0.048934},
	{cf=CFrame.new(-82.663353,227.661972,23.209167,0.918702,0.307472,-0.247887,0.184946,0.219652,0.957887,0.348973,-0.925858,0.144929),fov=90.000000,dt=0.053783},
	{cf=CFrame.new(-80.542145,228.095779,26.009430,0.855664,0.126746,-0.501771,0.382528,0.498149,0.778152,0.348584,-0.857778,0.377764),fov=90.000000,dt=0.036676},
	{cf=CFrame.new(-81.860680,228.916824,23.283234,0.960204,0.195571,-0.199401,0.134972,0.300120,0.944304,0.244523,-0.933638,0.261780),fov=90.000000,dt=0.028781},
	{cf=CFrame.new(-80.871323,228.045883,22.359100,0.933161,0.335969,-0.127808,-0.005213,0.368169,0.929744,0.359420,-0.866935,0.345313),fov=90.000000,dt=0.036673},
	{cf=CFrame.new(-81.873978,227.152451,22.803406,0.888452,0.411835,-0.202593,0.087232,0.281844,0.955486,0.450603,-0.866577,0.214479),fov=90.000000,dt=0.035843},
	{cf=CFrame.new(-80.715958,227.411209,22.851471,0.898777,0.389984,-0.200284,0.031456,0.398302,0.916715,0.437277,-0.830222,0.345717),fov=90.000000,dt=0.037231},
	{cf=CFrame.new(-80.628708,225.942093,22.601288,0.808775,0.543386,-0.224976,-0.004437,0.388163,0.921580,0.588101,-0.744353,0.316348),fov=90.000000,dt=0.053060},
	{cf=CFrame.new(-81.743698,228.180099,23.401398,0.927152,0.300843,-0.223345,0.125204,0.313067,0.941442,0.353148,-0.900823,0.252594),fov=90.000000,dt=0.037069},
	{cf=CFrame.new(-80.436081,228.068222,23.336639,0.922248,0.319026,-0.218361,0.058830,0.442436,0.894868,0.382097,-0.838137,0.389267),fov=90.000000,dt=0.030590},
	{cf=CFrame.new(-81.357864,229.383713,23.101807,0.970574,0.195651,-0.140379,0.066241,0.343542,0.936798,0.231512,-0.918531,0.320473),fov=90.000000,dt=0.034886},
	{cf=CFrame.new(-80.629822,228.251297,23.220551,0.928821,0.315564,-0.194192,0.047965,0.417285,0.907509,0.367411,-0.852228,0.372447),fov=90.000000,dt=0.028886},
	{cf=CFrame.new(-81.662842,229.257797,23.850922,0.956904,0.187600,-0.221677,0.151322,0.329414,0.931981,0.247863,-0.925361,0.286829),fov=90.000000,dt=0.027746},
	{cf=CFrame.new(-81.523956,226.138168,23.870178,0.800077,0.500260,-0.331084,0.153500,0.362809,0.919134,0.579927,-0.786200,0.213485),fov=90.000000,dt=0.034753},
	{cf=CFrame.new(-82.550598,228.553604,24.530365,0.915368,0.249564,-0.315942,0.252327,0.255895,0.933193,0.313740,-0.933936,0.171266),fov=90.000000,dt=0.045092},
	{cf=CFrame.new(-80.116539,228.296616,22.854645,0.925733,0.349776,-0.143791,-0.030215,0.447411,0.893818,0.376970,-0.823092,0.424751),fov=90.000000,dt=0.032816},
	{cf=CFrame.new(-81.171204,227.932785,23.248383,0.909813,0.363867,-0.199604,0.060671,0.359172,0.931297,0.410560,-0.859416,0.304703),fov=90.000000,dt=0.027002},
	{cf=CFrame.new(-82.575150,227.919846,24.323120,0.891592,0.329267,-0.310882,0.233723,0.253409,0.938700,0.387863,-0.909597,0.148980),fov=90.000000,dt=0.036677},
	{cf=CFrame.new(-80.523987,228.064407,24.098969,0.907177,0.309421,-0.285113,0.121829,0.455429,0.881897,0.402726,-0.834771,0.375458),fov=90.000000,dt=0.035282},
	{cf=CFrame.new(-80.312286,228.718704,23.119904,0.943226,0.293869,-0.154810,0.009486,0.442056,0.896937,0.332017,-0.847483,0.414171),fov=90.000000,dt=0.034687},
	{cf=CFrame.new(-81.759644,228.056686,23.406311,0.914592,0.345088,-0.210798,0.102991,0.305314,0.946666,0.391043,-0.887523,0.243697),fov=90.000000,dt=0.038372},
	{cf=CFrame.new(3.326508,89.056107,-10.775238,-0.881922,0.251669,0.398594,-0.024245,0.820225,-0.571527,-0.470772,-0.513706,-0.717273),fov=54.865902,dt=0.042228},
	{cf=CFrame.new(3.985245,88.986771,-10.379028,-0.886727,0.192338,0.420382,-0.045666,0.868451,-0.493668,-0.460032,-0.456946,-0.761295),fov=54.597702,dt=0.024929},
	{cf=CFrame.new(3.868988,89.100601,-10.561401,-0.902837,0.177248,0.391750,-0.053484,0.857715,-0.511335,-0.426643,-0.482605,-0.764898),fov=54.329502,dt=0.029447},
	{cf=CFrame.new(4.501511,87.492310,-11.957581,-0.811575,0.386517,0.438122,0.116030,0.841581,-0.527520,-0.572611,-0.377287,-0.727854),fov=54.195404,dt=0.031434},
	{cf=CFrame.new(3.937790,87.273773,-11.951080,-0.821100,0.361857,0.441424,0.053302,0.818594,-0.571895,-0.568291,-0.446054,-0.691434),fov=53.793102,dt=0.036430},
	{cf=CFrame.new(4.088974,88.364288,-10.998016,-0.897561,0.184742,0.400317,-0.051363,0.857980,-0.511110,-0.437887,-0.479314,-0.760601),fov=53.524902,dt=0.032362},
	{cf=CFrame.new(4.146393,87.784515,-11.196777,-0.873202,0.224001,0.432830,-0.035800,0.856233,-0.515348,-0.486041,-0.465498,-0.739645),fov=53.390804,dt=0.021599},
	{cf=CFrame.new(3.940033,87.383057,-11.341919,-0.856365,0.248241,0.452787,-0.041373,0.841058,-0.539360,-0.514711,-0.480622,-0.709982),fov=53.256706,dt=0.019489},
	{cf=CFrame.new(3.930542,87.067352,-11.650482,-0.844910,0.283760,0.453439,-0.018575,0.831620,-0.555034,-0.534585,-0.477377,-0.697374),fov=53.122604,dt=0.023490},
	{cf=CFrame.new(4.011826,87.002747,-12.280121,-0.854441,0.323609,0.406457,0.033366,0.814892,-0.578652,-0.518475,-0.480862,-0.707075),fov=52.854404,dt=0.029118},
	{cf=CFrame.new(3.979813,86.917374,-12.688446,-0.874548,0.336610,0.349083,0.064516,0.794214,-0.604204,-0.480628,-0.505884,-0.716295),fov=52.452106,dt=0.038808},
	{cf=CFrame.new(4.013184,86.975311,-12.067474,-0.884670,0.269868,0.380171,0.002526,0.818200,-0.574929,-0.466211,-0.507662,-0.724519),fov=52.318008,dt=0.024647},
	{cf=CFrame.new(4.036514,86.828979,-12.029846,-0.880947,0.269798,0.388770,-0.001274,0.820195,-0.572083,-0.473214,-0.504470,-0.722204),fov=52.183907,dt=0.022970},
	{cf=CFrame.new(4.000366,86.697723,-12.095184,-0.882382,0.273447,0.382921,0.001013,0.814903,-0.579596,-0.470533,-0.511037,-0.719333),fov=51.915710,dt=0.027727},
	{cf=CFrame.new(3.952820,86.575760,-12.162964,-0.884305,0.276721,0.376072,0.002986,0.808785,-0.588097,-0.466900,-0.518935,-0.716039),fov=51.647511,dt=0.031649},
	{cf=CFrame.new(3.957993,86.562073,-12.115387,-0.883707,0.273036,0.380150,-0.001153,0.810942,-0.585125,-0.468039,-0.517517,-0.716321),fov=51.513409,dt=0.015109},
	{cf=CFrame.new(3.957764,86.542252,-12.107849,-0.882796,0.273493,0.381933,-0.001476,0.811426,-0.584454,-0.469754,-0.516517,-0.715920),fov=51.320099,dt=0.013392},
	{cf=CFrame.new(3.946564,86.544662,-12.103851,-0.883100,0.272926,0.381636,-0.002015,0.811188,-0.584783,-0.469181,-0.517190,-0.715810),fov=51.126785,dt=0.024900},
	{cf=CFrame.new(3.963562,86.491226,-12.092224,-0.880470,0.274987,0.386206,-0.001358,0.813139,-0.582068,-0.474100,-0.513017,-0.715571),fov=50.740162,dt=0.026413},
	{cf=CFrame.new(3.975876,86.543274,-12.131073,-0.880120,0.274178,0.387576,-0.000714,0.815612,-0.578599,-0.474751,-0.509513,-0.717640),fov=50.546848,dt=0.026987},
	{cf=CFrame.new(3.985367,86.668991,-12.206238,-0.880624,0.271183,0.388537,-0.000371,0.819623,-0.572904,-0.473815,-0.504657,-0.721679),fov=50.214264,dt=0.030762},
	{cf=CFrame.new(3.995361,86.793869,-12.281311,-0.881052,0.268160,0.389664,-0.000087,0.823688,-0.567044,-0.473020,-0.499629,-0.725688),fov=49.935722,dt=0.024276},
	{cf=CFrame.new(4.000412,86.856308,-12.318939,-0.881258,0.266704,0.390197,0.000068,0.825647,-0.564187,-0.472636,-0.497168,-0.727626),fov=49.796448,dt=0.017860},
	{cf=CFrame.new(3.981674,86.870346,-12.335266,-0.882039,0.261577,0.391899,0.000232,0.831986,-0.554796,-0.471176,-0.489261,-0.733905),fov=49.657177,dt=0.028758},
	{cf=CFrame.new(3.925522,86.912491,-12.384430,-0.884293,0.246062,0.396837,0.000524,0.850403,-0.526131,-0.466933,-0.465046,-0.752135),fov=49.239365,dt=0.034268},
	{cf=CFrame.new(3.906769,86.926544,-12.400757,-0.885033,0.240891,0.398356,0.000618,0.856315,-0.516453,-0.465528,-0.456832,-0.758016),fov=49.239365,dt=0.032787},
	{cf=CFrame.new(3.895126,86.974899,-12.435913,-0.885848,0.235137,0.399981,0.000720,0.862768,-0.505600,-0.463976,-0.447597,-0.764450),fov=49.239365,dt=0.019133},
	{cf=CFrame.new(3.902267,87.009201,-12.454651,-0.885931,0.234575,0.400126,0.000727,0.863382,-0.504551,-0.463816,-0.446707,-0.765067),fov=49.239365,dt=0.020131},
	{cf=CFrame.new(3.909348,87.043518,-12.473419,-0.886025,0.233916,0.400303,0.000677,0.864050,-0.503406,-0.463636,-0.445760,-0.765728),fov=49.239365,dt=0.025211},
	{cf=CFrame.new(3.923477,87.112137,-12.510925,-0.886192,0.232793,0.400588,0.000691,0.865271,-0.501305,-0.463317,-0.443976,-0.766957),fov=49.239365,dt=0.020372},
	{cf=CFrame.new(3.930634,87.146454,-12.529724,-0.886276,0.232214,0.400740,0.000720,0.865922,-0.500178,-0.463158,-0.443007,-0.767613),fov=49.239365,dt=0.021729},
	{cf=CFrame.new(3.937698,87.180771,-12.548492,-0.886358,0.231653,0.400881,0.000726,0.866529,-0.499126,-0.462999,-0.442113,-0.768223),fov=49.239365,dt=0.025004},
	{cf=CFrame.new(3.951828,87.249374,-12.585999,-0.886535,0.230431,0.401195,0.000680,0.867793,-0.496925,-0.462661,-0.440268,-0.769486),fov=49.239365,dt=0.029803},
	{cf=CFrame.new(3.958969,87.283691,-12.604767,-0.886617,0.229852,0.401344,0.000708,0.868439,-0.495796,-0.462503,-0.439297,-0.770136),fov=49.239365,dt=0.022165},
	{cf=CFrame.new(3.973114,87.352310,-12.642273,-0.886783,0.228729,0.401622,0.000718,0.869640,-0.493686,-0.462186,-0.437504,-0.771346),fov=49.239365,dt=0.025842},
	{cf=CFrame.new(3.987320,87.420929,-12.679779,-0.886957,0.227507,0.401930,0.000669,0.870889,-0.491479,-0.461851,-0.435652,-0.772594),fov=49.239365,dt=0.029567},
	{cf=CFrame.new(4.001465,87.489548,-12.717346,-0.887081,0.226385,0.402289,0.000676,0.872121,-0.489289,-0.461613,-0.433767,-0.773796),fov=49.239365,dt=0.036871},
	{cf=CFrame.new(4.008606,87.523865,-12.736053,-0.887163,0.225806,0.402434,0.000703,0.872756,-0.488156,-0.461455,-0.432791,-0.774436),fov=49.239365,dt=0.023182},
	{cf=CFrame.new(4.015671,87.558182,-12.754822,-0.887245,0.225244,0.402568,0.000706,0.873347,-0.487098,-0.461298,-0.431891,-0.775032),fov=49.239365,dt=0.018094},
	{cf=CFrame.new(4.029800,87.626785,-12.792328,-0.887418,0.224021,0.402869,0.000653,0.874579,-0.484883,-0.460965,-0.430031,-0.776263),fov=49.239365,dt=0.030218},
	{cf=CFrame.new(4.044022,87.695419,-12.829865,-0.887581,0.222879,0.403144,0.000681,0.875793,-0.482686,-0.460651,-0.428149,-0.777489),fov=49.239365,dt=0.027222},
	{cf=CFrame.new(4.051102,87.729721,-12.848633,-0.887662,0.222317,0.403277,0.000682,0.876377,-0.481625,-0.460496,-0.427245,-0.778078),fov=49.239365,dt=0.021911},
	{cf=CFrame.new(4.058167,87.764038,-12.867401,-0.887753,0.221656,0.403440,0.000626,0.877012,-0.480467,-0.460320,-0.426284,-0.778709),fov=49.239365,dt=0.018253},
	{cf=CFrame.new(4.072388,87.832657,-12.904907,-0.887915,0.220514,0.403710,0.000651,0.878215,-0.478266,-0.460008,-0.424397,-0.779923),fov=49.239365,dt=0.021390},
	{cf=CFrame.new(4.079437,87.866959,-12.923706,-0.887995,0.219951,0.403840,0.000651,0.878793,-0.477203,-0.459853,-0.423491,-0.780507),fov=49.239365,dt=0.023388},
	{cf=CFrame.new(4.093658,87.935593,-12.961212,-0.888166,0.218727,0.404128,0.000594,0.879998,-0.474978,-0.459522,-0.421619,-0.781714),fov=49.239365,dt=0.027578},
	{cf=CFrame.new(4.100708,87.969894,-12.979950,-0.888246,0.218148,0.404266,0.000616,0.880612,-0.473837,-0.459368,-0.420634,-0.782335),fov=49.239365,dt=0.023212},
	{cf=CFrame.new(4.107788,88.004196,-12.998688,-0.888326,0.217585,0.404393,0.000616,0.881185,-0.472771,-0.459213,-0.419726,-0.782914),fov=49.239365,dt=0.017457},
	{cf=CFrame.new(4.121994,88.072830,-13.036255,-0.888486,0.216442,0.404655,0.000637,0.882367,-0.470562,-0.458903,-0.417830,-0.784108),fov=49.239365,dt=0.024372},
	{cf=CFrame.new(4.129074,88.107132,-13.054962,-0.888575,0.215780,0.404812,0.000578,0.882986,-0.469398,-0.458730,-0.416862,-0.784725),fov=49.239365,dt=0.024203},
	{cf=CFrame.new(4.143280,88.175766,-13.092529,-0.888734,0.214637,0.405071,0.000597,0.884159,-0.467186,-0.458422,-0.414962,-0.785911),fov=49.239365,dt=0.031394},
	{cf=CFrame.new(4.164551,88.278687,-13.148804,-0.888982,0.212849,0.405471,0.000532,0.885898,-0.463880,-0.457942,-0.412166,-0.787660),fov=49.239365,dt=0.057622},
	{cf=CFrame.new(4.192886,88.415939,-13.223816,-0.889297,0.210562,0.405974,0.000563,0.888207,-0.459442,-0.457331,-0.408352,-0.789999),fov=49.239365,dt=0.053840},
	{cf=CFrame.new(4.221252,88.553177,-13.298889,-0.889659,0.208174,0.406412,0.000531,0.890504,-0.454975,-0.456626,-0.404556,-0.792356),fov=49.239365,dt=0.080478},
	{cf=CFrame.new(4.242523,88.656097,-13.355194,-0.889902,0.206368,0.406801,0.000480,0.892233,-0.451575,-0.456152,-0.401662,-0.794099),fov=49.239365,dt=0.046125},
	{cf=CFrame.new(4.263733,88.759033,-13.411469,-0.890134,0.204660,0.407156,0.000484,0.893899,-0.448268,-0.455698,-0.398821,-0.795789),fov=49.239365,dt=0.038891},
	{cf=CFrame.new(4.277954,88.827652,-13.448944,-0.890298,0.203433,0.407413,0.000412,0.895026,-0.446014,-0.455379,-0.396917,-0.796923),fov=49.239365,dt=0.046974},
	{cf=CFrame.new(4.285019,88.861954,-13.467712,-0.890375,0.202853,0.407534,0.000427,0.895601,-0.444858,-0.455228,-0.395916,-0.797507),fov=49.239365,dt=0.017102},
	{cf=CFrame.new(4.299225,88.930588,-13.505249,-0.890537,0.201626,0.407787,0.000353,0.896718,-0.442601,-0.454910,-0.394009,-0.798632),fov=49.239365,dt=0.019912},
	{cf=CFrame.new(4.306305,88.964890,-13.524017,-0.890614,0.201045,0.407907,0.000368,0.897289,-0.441444,-0.454760,-0.393006,-0.799212),fov=49.239365,dt=0.020314},
	{cf=CFrame.new(4.313370,88.999191,-13.542816,-0.890690,0.200481,0.408017,0.000360,0.897820,-0.440363,-0.454611,-0.392080,-0.799752),fov=49.239365,dt=0.023469},
	{cf=CFrame.new(4.327591,89.067825,-13.580292,-0.890843,0.199336,0.408245,0.000365,0.898915,-0.438122,-0.454312,-0.390149,-0.800865),fov=49.239365,dt=0.021729},
	{cf=CFrame.new(4.334656,89.102127,-13.599091,-0.890967,0.198656,0.408305,0.000317,0.899490,-0.436942,-0.454067,-0.389172,-0.801479),fov=49.239365,dt=0.020993},
	{cf=CFrame.new(4.341721,89.136444,-13.617798,-0.891043,0.198092,0.408413,0.000308,0.900015,-0.435859,-0.453918,-0.388244,-0.802013),fov=49.239365,dt=0.023359},
	{cf=CFrame.new(4.348862,89.170761,-13.636597,-0.891119,0.197511,0.408529,0.000321,0.900576,-0.434699,-0.453769,-0.387237,-0.802584),fov=49.239365,dt=0.020934},
	{cf=CFrame.new(4.363007,89.239365,-13.674103,-0.891271,0.196365,0.408751,0.000324,0.901657,-0.432453,-0.453472,-0.385300,-0.803683),fov=49.239365,dt=0.020619},
	{cf=CFrame.new(4.370071,89.273682,-13.692871,-0.891355,0.195702,0.408886,0.000255,0.902223,-0.431270,-0.453307,-0.384310,-0.804250),fov=49.239365,dt=0.027091},
	{cf=CFrame.new(4.384277,89.342300,-13.730377,-0.891505,0.194557,0.409104,0.000256,0.903294,-0.429021,-0.453010,-0.382370,-0.805342),fov=49.239365,dt=0.023713},
	{cf=CFrame.new(4.391357,89.376617,-13.749146,-0.891580,0.193993,0.409209,0.000244,0.903810,-0.427935,-0.452863,-0.381438,-0.805866),fov=49.239365,dt=0.021275},
	{cf=CFrame.new(4.398422,89.410934,-13.767853,-0.891664,0.193329,0.409340,0.000174,0.904370,-0.426750,-0.452698,-0.380446,-0.806427),fov=49.239365,dt=0.024262},
	{cf=CFrame.new(4.412643,89.479538,-13.805450,-0.891853,0.192166,0.409476,0.000193,0.905429,-0.424497,-0.452326,-0.378510,-0.807547),fov=49.239365,dt=0.022840},
	{cf=CFrame.new(4.426834,89.548172,-13.842957,-0.892002,0.191021,0.409688,0.000190,0.906483,-0.422242,-0.452032,-0.376563,-0.808621),fov=49.239365,dt=0.028536},
	{cf=CFrame.new(4.433899,89.582474,-13.861725,-0.892085,0.190357,0.409815,0.000119,0.907035,-0.421055,-0.451868,-0.375568,-0.809175),fov=49.239365,dt=0.028927},
	{cf=CFrame.new(4.440979,89.616776,-13.880432,-0.892159,0.189793,0.409915,0.000106,0.907540,-0.419965,-0.451721,-0.374632,-0.809691),fov=49.239365,dt=0.016452},
	{cf=CFrame.new(4.455170,89.685410,-13.917999,-0.892307,0.188647,0.410122,0.000102,0.908582,-0.417706,-0.451429,-0.372680,-0.810754),fov=49.239365,dt=0.024271},
	{cf=CFrame.new(4.462250,89.719711,-13.936737,-0.892389,0.187984,0.410248,0.000029,0.909128,-0.416516,-0.451266,-0.371683,-0.811302),fov=49.239365,dt=0.023926},
	{cf=CFrame.new(4.469345,89.754028,-13.955505,-0.892463,0.187402,0.410354,0.000038,0.909663,-0.415347,-0.451121,-0.370666,-0.811848),fov=49.239365,dt=0.017527},
	{cf=CFrame.new(4.483536,89.822647,-13.993011,-0.892649,0.186239,0.410478,0.000050,0.910693,-0.413084,-0.450752,-0.368718,-0.812938),fov=49.239365,dt=0.023470},
	{cf=CFrame.new(4.490616,89.856949,-14.011810,-0.892722,0.185675,0.410574,0.000036,0.911188,-0.411991,-0.450607,-0.367779,-0.813445),fov=49.239365,dt=0.017872},
	{cf=CFrame.new(13.273132,-6.499168,-32.642548,-0.904115,0.348440,0.247317,-0.000013,0.578783,-0.815482,-0.427289,-0.737292,-0.523282),fov=40.000000,dt=0.020717},
	{cf=CFrame.new(13.212570,-6.162613,-32.246613,-0.903393,0.339127,0.262438,-0.000859,0.610577,-0.791956,-0.428812,-0.715674,-0.551300),fov=40.000000,dt=0.023214},
	{cf=CFrame.new(13.091461,-5.489502,-31.454681,-0.901940,0.318692,0.291445,-0.002308,0.671288,-0.741193,-0.431856,-0.669184,-0.604726),fov=40.000000,dt=0.022922},
	{cf=CFrame.new(13.030975,-5.152939,-31.058685,-0.901210,0.307610,0.305283,-0.002938,0.700065,-0.714073,-0.433374,-0.644426,-0.630002),fov=40.000000,dt=0.024396},
	{cf=CFrame.new(12.909836,-4.479828,-30.266815,-0.899675,0.283828,0.331702,-0.004048,0.754354,-0.656456,-0.436541,-0.591939,-0.677525),fov=40.000000,dt=0.029433},
	{cf=CFrame.new(12.849289,-4.143280,-29.870819,-0.898871,0.271150,0.344251,-0.004524,0.779794,-0.626020,-0.438191,-0.564268,-0.699707),fov=40.000000,dt=0.019739},
	{cf=CFrame.new(12.788727,-3.806717,-29.474884,-0.898080,0.258035,0.356189,-0.004867,0.803949,-0.594678,-0.439806,-0.535802,-0.720755),fov=40.000000,dt=0.016894},
	{cf=CFrame.new(12.607101,-2.797050,-28.287018,-0.895663,0.215994,0.388759,-0.005468,0.868727,-0.495261,-0.444699,-0.445713,-0.776906),fov=40.000000,dt=0.046760},
	{cf=CFrame.new(12.546539,-2.460495,-27.891052,-0.894824,0.201132,0.398542,-0.005580,0.887644,-0.460496,-0.446384,-0.414287,-0.793163),fov=40.000000,dt=0.025587},
	{cf=CFrame.new(12.364883,-1.450829,-26.703186,-0.892341,0.154440,0.424118,-0.005365,0.935945,-0.352106,-0.451330,-0.316474,-0.834353),fov=40.000000,dt=0.034251},
	{cf=CFrame.new(11.880493,1.241615,-23.535522,-0.885869,0.018528,0.463565,-0.001655,0.999070,-0.043094,-0.463932,-0.038943,-0.885014),fov=37.000000,dt=0.139113},
	{cf=CFrame.new(11.759384,1.914726,-22.743591,-0.884289,-0.016847,0.466636,-0.000013,0.999350,0.036055,-0.466940,0.031877,-0.883714),fov=35.000000,dt=0.029113},
	{cf=CFrame.new(11.834274,1.794785,-22.533539,-0.881208,-0.009906,0.472625,0.001589,0.999713,0.023918,-0.472727,0.021827,-0.880939),fov=35.272728,dt=0.022599},
	{cf=CFrame.new(11.909103,1.674835,-22.323364,-0.878065,-0.002919,0.478533,0.003135,0.999925,0.011851,-0.478531,0.011906,-0.877990),fov=35.545456,dt=0.021959},
	{cf=CFrame.new(12.058792,1.434952,-21.903168,-0.871594,0.011294,0.490099,0.005939,0.999905,-0.012480,-0.490193,-0.007966,-0.871578),fov=36.090904,dt=0.023778},
	{cf=CFrame.new(12.133698,1.315010,-21.693085,-0.868265,0.018478,0.495756,0.007243,0.999672,-0.024574,-0.496047,-0.017746,-0.868114),fov=36.363636,dt=0.015085},
	{cf=CFrame.new(12.208588,1.195068,-21.483063,-0.864922,0.025662,0.501251,0.008360,0.999290,-0.036733,-0.501837,-0.027581,-0.864522),fov=36.636368,dt=0.022570},
	{cf=CFrame.new(12.283417,1.075119,-21.272888,-0.861516,0.032971,0.506659,0.009503,0.998762,-0.048838,-0.507642,-0.037260,-0.860762),fov=36.909092,dt=0.025309},
	{cf=CFrame.new(12.433167,0.835236,-20.852753,-0.854616,0.047814,0.517055,0.011497,0.997250,-0.073216,-0.519134,-0.056627,-0.852815),fov=37.454544,dt=0.025919},
	{cf=CFrame.new(12.582901,0.595352,-20.432526,-0.847478,0.062792,0.527103,0.013102,0.995151,-0.097482,-0.530668,-0.075708,-0.844192),fov=38.000000,dt=0.025111},
	{cf=CFrame.new(12.657730,0.475410,-20.222443,-0.843868,0.070396,0.531913,0.013839,0.993882,-0.109580,-0.536373,-0.085110,-0.839679),fov=38.500000,dt=0.026190},
	{cf=CFrame.new(12.807419,0.235519,-19.802216,-0.836518,0.085793,0.541182,0.015040,0.990889,-0.133837,-0.547733,-0.103818,-0.830187),fov=39.500000,dt=0.023295},
	{cf=CFrame.new(12.882339,0.115578,-19.592133,-0.832785,0.093478,0.545648,0.015449,0.989181,-0.145884,-0.553381,-0.113060,-0.825219),fov=40.000000,dt=0.025074},
	{cf=CFrame.new(13.032028,-0.124306,-19.171875,-0.825142,0.109094,0.554292,0.016095,0.985318,-0.169968,-0.564697,-0.131326,-0.814783),fov=40.000000,dt=0.027469},
	{cf=CFrame.new(13.106934,-0.244255,-18.961792,-0.821283,0.117017,0.558393,0.016339,0.983163,-0.182001,-0.570288,-0.140350,-0.809366),fov=40.000000,dt=0.025164},
	{cf=CFrame.new(13.256653,-0.484138,-18.541595,-0.813452,0.132927,0.566239,0.016498,0.978416,-0.205986,-0.581399,-0.158218,-0.798087),fov=40.000000,dt=0.024189},
	{cf=CFrame.new(13.331512,-0.604080,-18.331512,-0.809482,0.140888,0.569991,0.016441,0.975843,-0.217855,-0.586915,-0.166978,-0.792243),fov=40.000000,dt=0.017571},
	{cf=CFrame.new(13.406342,-0.724022,-18.121399,-0.805503,0.148995,0.573556,0.016362,0.973098,-0.229808,-0.592366,-0.175727,-0.786271),fov=40.000000,dt=0.019807},
	{cf=CFrame.new(13.481247,-0.843964,-17.911316,-0.801422,0.157052,0.577111,0.016133,0.970234,-0.241631,-0.597881,-0.184338,-0.780101),fov=40.000000,dt=0.021587},
	{cf=CFrame.new(13.556137,-0.963913,-17.701233,-0.797341,0.165173,0.580487,0.015800,0.967204,-0.253507,-0.603322,-0.192960,-0.773802),fov=40.000000,dt=0.014776},
	{cf=CFrame.new(13.705826,-1.203796,-17.281036,-0.789117,0.181562,0.586796,0.015036,0.960740,-0.277044,-0.614059,-0.209797,-0.760866),fov=40.000000,dt=0.025451},
	{cf=CFrame.new(13.780655,-1.323738,-17.070923,-0.784929,0.189782,0.589805,0.014484,0.957294,-0.288752,-0.619417,-0.218107,-0.754157),fov=40.000000,dt=0.028412},
	{cf=CFrame.new(13.930389,-1.563629,-16.650696,-0.776448,0.206312,0.595452,0.013161,0.949994,-0.311992,-0.630043,-0.234408,-0.740337),fov=40.000000,dt=0.025826},
	{cf=CFrame.new(14.080109,-1.803513,-16.230499,-0.767930,0.222971,0.600473,0.011532,0.942117,-0.335085,-0.640430,-0.250397,-0.726051),fov=40.000000,dt=0.029712},
	{cf=CFrame.new(14.154968,-1.923454,-16.020416,-0.763604,0.231266,0.602847,0.010522,0.937989,-0.346505,-0.645599,-0.258249,-0.718686),fov=40.000000,dt=0.016196},
	{cf=CFrame.new(14.154968,-1.923454,-16.020416,-0.763604,0.231266,0.602847,0.010522,0.937989,-0.346505,-0.645599,-0.258249,-0.718686),fov=40.000000,dt=0.014317},
	{cf=CFrame.new(14.304688,-2.163345,-15.600220,-0.754834,0.248114,0.607177,0.008412,0.929280,-0.369279,-0.655862,-0.273637,-0.703540),fov=40.000000,dt=0.019204},
	{cf=CFrame.new(14.379578,-2.283287,-15.390167,-0.750475,0.256466,0.609108,0.007204,0.924755,-0.380494,-0.660860,-0.281163,-0.695854),fov=40.000000,dt=0.021071},
	{cf=CFrame.new(14.454422,-2.403229,-15.180023,-0.745993,0.264972,0.610970,0.005935,0.920045,-0.391768,-0.665927,-0.288630,-0.687920),fov=40.000000,dt=0.020725},
	{cf=CFrame.new(14.529297,-2.523170,-14.969940,-0.741595,0.273377,0.612619,0.004569,0.915238,-0.402888,-0.670832,-0.295980,-0.679985),fov=40.000000,dt=0.021035},
	{cf=CFrame.new(14.277649,-2.533424,-14.649811,-0.743747,0.270033,0.611492,0.006129,0.917492,-0.397708,-0.668433,-0.292046,-0.684037),fov=40.000000,dt=0.019868},
	{cf=CFrame.new(14.151810,-2.538551,-14.489746,-0.744826,0.268312,0.610936,0.006878,0.918630,-0.395060,-0.667223,-0.290048,-0.686065),fov=40.000000,dt=0.025583},
	{cf=CFrame.new(14.025986,-2.543678,-14.329651,-0.745890,0.266700,0.610344,0.007668,0.919714,-0.392514,-0.666025,-0.288092,-0.688050),fov=40.000000,dt=0.020569},
	{cf=CFrame.new(13.900146,-2.548798,-14.169586,-0.746964,0.265011,0.609765,0.008374,0.920805,-0.389934,-0.664812,-0.286160,-0.690028),fov=40.000000,dt=0.018669},
	{cf=CFrame.new(13.447845,-2.444237,-13.899506,-0.754532,0.251646,0.606098,0.011825,0.928624,-0.370835,-0.656156,-0.272640,-0.703652),fov=40.000000,dt=0.025342},
	{cf=CFrame.new(13.121277,-2.334541,-13.789429,-0.761045,0.240028,0.602657,0.014416,0.935054,-0.354212,-0.648538,-0.260883,-0.715079),fov=40.000000,dt=0.020003},
	{cf=CFrame.new(12.794800,-2.224854,-13.679382,-0.767525,0.228383,0.598955,0.016784,0.941219,-0.337381,-0.640800,-0.248895,-0.726242),fov=40.000000,dt=0.018296},
	{cf=CFrame.new(12.468262,-2.115158,-13.569305,-0.773898,0.216856,0.595026,0.018928,0.947048,-0.320533,-0.633028,-0.236797,-0.737023),fov=40.000000,dt=0.019507},
	{cf=CFrame.new(11.815216,-1.895775,-13.349213,-0.786503,0.193903,0.586357,0.022699,0.957868,-0.286312,-0.617169,-0.211875,-0.757767),fov=40.000000,dt=0.023545},
	{cf=CFrame.new(11.488739,-1.786087,-13.239197,-0.792731,0.182535,0.581600,0.024263,0.962805,-0.269106,-0.609089,-0.199217,-0.767674),fov=40.000000,dt=0.018784},
	{cf=CFrame.new(11.162170,-1.676392,-13.129120,-0.798893,0.171319,0.576559,0.025757,0.967443,-0.251777,-0.600922,-0.186292,-0.777296),fov=40.000000,dt=0.022145},
	{cf=CFrame.new(10.835632,-1.566704,-13.019073,-0.805005,0.160098,0.571257,0.027021,0.971795,-0.234272,-0.592652,-0.173154,-0.786627),fov=40.000000,dt=0.017425},
	{cf=CFrame.new(10.182617,-1.347321,-12.799011,-0.816941,0.138007,0.559965,0.028960,0.979538,-0.199164,-0.575994,-0.146489,-0.804222),fov=36.000000,dt=0.020942},
	{cf=CFrame.new(9.856125,-1.237625,-12.688934,-0.822814,0.127114,0.553912,0.029673,0.982945,-0.181491,-0.567535,-0.132897,-0.812553),fov=34.000000,dt=0.021497},
	{cf=CFrame.new(9.529572,-1.127937,-12.578888,-0.828621,0.116334,0.547589,0.030206,0.986036,-0.163773,-0.558994,-0.119165,-0.820564),fov=32.000000,dt=0.019413},
	{cf=CFrame.new(9.203079,-1.018242,-12.468811,-0.834316,0.105594,0.541079,0.030469,0.988817,-0.145990,-0.550443,-0.105315,-0.828203),fov=30.000000,dt=0.022412},
	{cf=CFrame.new(8.680664,-0.842735,-12.292755,-0.866235,0.152449,0.475811,0.092439,0.984773,-0.147230,-0.491011,-0.083553,-0.867137),fov=30.526318,dt=0.019204},
	{cf=CFrame.new(8.680664,-0.842735,-12.292755,-0.866235,0.152449,0.475811,0.092439,0.984773,-0.147230,-0.491011,-0.083553,-0.867137),fov=30.526318,dt=0.014295},
	{cf=CFrame.new(8.158188,-0.667229,-12.116669,-0.876924,0.115391,0.466571,0.060795,0.989586,-0.130476,-0.476768,-0.086052,-0.874807),fov=31.052629,dt=0.021690},
	{cf=CFrame.new(7.896973,-0.579475,-12.028656,-0.856367,0.063973,0.512389,0.029956,0.996780,-0.074384,-0.515498,-0.048351,-0.855526),fov=31.315792,dt=0.023720},
	{cf=CFrame.new(7.492081,-0.443474,-11.892242,-0.862886,0.051422,0.502775,0.029147,0.998218,-0.052072,-0.504556,-0.030278,-0.862848),fov=31.578949,dt=0.014078},
	{cf=CFrame.new(7.087265,-0.307465,-11.755768,-0.869256,0.039169,0.492808,0.028140,0.999160,-0.029778,-0.493561,-0.012017,-0.869628),fov=31.842106,dt=0.021106},
	{cf=CFrame.new(6.682465,-0.171463,-11.619263,-0.875523,0.027051,0.482419,0.026772,0.999614,-0.007463,-0.482435,0.006382,-0.875909),fov=32.105263,dt=0.018199},
	{cf=CFrame.new(5.955490,0.072754,-11.374298,-0.886331,0.005890,0.463015,0.023621,0.999192,0.032507,-0.462450,0.039749,-0.885754),fov=32.631580,dt=0.021983},
	{cf=CFrame.new(5.633331,0.180969,-11.265747,-0.890983,-0.003228,0.454025,0.021942,0.998500,0.050158,-0.453505,0.054652,-0.889576),fov=32.894737,dt=0.029309},
	{cf=CFrame.new(5.106720,0.357887,-11.088257,-0.898311,-0.017762,0.439001,0.018913,0.996693,0.079027,-0.438953,0.079293,-0.895004),fov=33.421051,dt=0.024852},
	{cf=CFrame.new(4.843384,0.446350,-10.999542,-0.901905,-0.024944,0.431214,0.017127,0.995481,0.093407,-0.431595,0.091629,-0.897402),fov=33.684212,dt=0.025220},
	{cf=CFrame.new(4.316818,0.623268,-10.821960,-0.908831,-0.038910,0.415346,0.013293,0.992434,0.122059,-0.416953,0.116453,-0.901437),fov=34.210522,dt=0.020441},
	{cf=CFrame.new(4.053497,0.711731,-10.733215,-0.912165,-0.045691,0.407270,0.011249,0.990600,0.136327,-0.409670,0.128934,-0.903076),fov=34.473682,dt=0.017203},
	{cf=CFrame.new(3.963303,0.727371,-10.667572,-0.913117,-0.047576,0.404914,0.010604,0.990060,0.140243,-0.407561,0.132352,-0.903536),fov=34.736843,dt=0.026952},
	{cf=CFrame.new(3.873108,0.743011,-10.601929,-0.914025,-0.049475,0.402629,0.009977,0.989493,0.144238,-0.405535,0.135854,-0.903928),fov=35.000000,dt=0.019352},
	{cf=CFrame.new(3.692795,0.774292,-10.470612,-0.915824,-0.053162,0.398045,0.008781,0.988311,0.152200,-0.401483,0.142884,-0.904652),fov=35.706520,dt=0.020731},
	{cf=CFrame.new(3.602600,0.789932,-10.404968,-0.916748,-0.055029,0.395657,0.008120,0.987694,0.156187,-0.399383,0.146397,-0.905020),fov=36.059776,dt=0.022184},
	{cf=CFrame.new(3.422211,0.821213,-10.273590,-0.918541,-0.058643,0.390951,0.006845,0.986429,0.164048,-0.395266,0.153360,-0.905674),fov=36.766304,dt=0.026214},
	{cf=CFrame.new(3.332092,0.836853,-10.207947,-0.919409,-0.060491,0.388623,0.006165,0.985764,0.168024,-0.393254,0.156879,-0.905947),fov=37.119564,dt=0.024911},
	{cf=CFrame.new(2.430664,0.486206,-10.073578,-0.912641,-0.121524,0.390279,-0.059580,0.984136,0.167113,-0.404396,0.129261,-0.905404),fov=38.231884,dt=0.070353},
	{cf=CFrame.new(2.290436,0.507347,-9.994171,-0.913518,-0.125758,0.386873,-0.062553,0.983131,0.171873,-0.401961,0.132809,-0.905974),fov=38.637684,dt=0.035446},
	{cf=CFrame.new(2.240479,0.486015,-9.949371,-0.913075,-0.128065,0.387162,-0.064814,0.982915,0.172270,-0.402609,0.132202,-0.905775),fov=38.840580,dt=0.014762},
	{cf=CFrame.new(2.214554,0.474167,-9.927307,-0.912771,-0.129627,0.387358,-0.066394,0.982781,0.172432,-0.403040,0.131673,-0.905661),fov=38.937199,dt=0.013240},
	{cf=CFrame.new(2.189941,0.457855,-9.904175,-0.912299,-0.131375,0.387881,-0.068251,0.982676,0.172305,-0.403798,0.130720,-0.905461),fov=39.033817,dt=0.017260},
	{cf=CFrame.new(2.161072,0.453842,-9.884277,-0.912243,-0.133388,0.387325,-0.070002,0.982355,0.173433,-0.403624,0.131099,-0.905484),fov=39.130436,dt=0.017104},
	{cf=CFrame.new(2.128967,0.455048,-9.865326,-0.912349,-0.135267,0.386423,-0.071545,0.981996,0.174827,-0.403115,0.131856,-0.905601),fov=39.227051,dt=0.019290},
	{cf=CFrame.new(2.096130,0.457199,-9.846680,-0.912479,-0.137198,0.385433,-0.073134,0.981620,0.176278,-0.402534,0.132662,-0.905742),fov=39.323673,dt=0.018249},
	{cf=CFrame.new(2.035522,0.463669,-9.809509,-0.912889,-0.139552,0.383612,-0.074818,0.981030,0.178838,-0.401292,0.134558,-0.906013),fov=39.516907,dt=0.017963},
	{cf=CFrame.new(1.999313,0.466934,-9.792145,-0.913208,-0.141397,0.382176,-0.076272,0.980604,0.180550,-0.400292,0.135730,-0.906280),fov=39.613525,dt=0.017198},
	{cf=CFrame.new(1.952530,0.465965,-9.777161,-0.913695,-0.144304,0.379919,-0.078785,0.979997,0.182754,-0.398692,0.137050,-0.906787),fov=39.710140,dt=0.019559},
	{cf=CFrame.new(1.911545,0.464996,-9.761536,-0.914146,-0.146375,0.378037,-0.080558,0.979531,0.184472,-0.397301,0.138180,-0.907226),fov=39.806763,dt=0.014633},
	{cf=CFrame.new(1.869827,0.464439,-9.746521,-0.914606,-0.148540,0.376073,-0.082469,0.979056,0.186141,-0.395846,0.139231,-0.907701),fov=39.903381,dt=0.020322},
	{cf=CFrame.new(1.827713,0.461983,-9.732056,-0.915071,-0.150739,0.374063,-0.084476,0.978588,0.187696,-0.394346,0.140156,-0.908211),fov=40.000000,dt=0.017192},
	{cf=CFrame.new(1.814682,0.460838,-9.736084,-0.915266,-0.152121,0.373025,-0.085986,0.978395,0.188015,-0.393567,0.140009,-0.908572),fov=40.000000,dt=0.016462},
	{cf=CFrame.new(1.805664,0.459236,-9.739532,-0.915358,-0.153240,0.372339,-0.087264,0.978268,0.188088,-0.393070,0.139676,-0.908838),fov=70.000000,dt=0.015999},
	{cf=CFrame.new(-1.711849,6.249603,29.361938,1.000000,-0.000000,-0.000000,0.000000,0.979362,0.202116,0.000000,-0.202116,0.979362),fov=70.000000,dt=0.027741},
	{cf=CFrame.new(-1.707507,6.205002,29.361664,1.000000,0.000000,0.000000,0.000000,0.979362,0.202116,-0.000000,-0.202116,0.979362),fov=70.000000,dt=0.017761},
	{cf=CFrame.new(-1.703372,6.163933,29.361237,1.000000,0.000000,0.000000,0.000000,0.979362,0.202116,-0.000000,-0.202116,0.979362),fov=70.000000,dt=0.033088},
	{cf=CFrame.new(-1.699542,6.129166,29.360260,1.000000,0.000000,-0.000000,0.000000,0.979362,0.202116,0.000000,-0.202116,0.979361),fov=71.977516,dt=0.036483},
	{cf=CFrame.new(-1.696013,6.099800,29.358917,1.000000,-0.000000,0.000000,0.000000,0.979362,0.202116,-0.000000,-0.202116,0.979362),fov=73.833038,dt=0.029699},
	{cf=CFrame.new(-1.693000,6.074684,29.357819,1.000000,-0.000000,0.000000,-0.000000,0.979362,0.202116,-0.000000,-0.202116,0.979362),fov=75.091934,dt=0.022226},
	{cf=CFrame.new(-1.690522,6.052963,29.357056,1.000000,-0.000000,0.000000,0.000000,0.979362,0.202116,-0.000000,-0.202116,0.979362),fov=75.886337,dt=0.022808},
	{cf=CFrame.new(-1.688547,6.034370,29.356628,1.000000,-0.000000,0.000000,0.000000,0.979362,0.202116,-0.000000,-0.202116,0.979362),fov=76.570061,dt=0.020627},
	{cf=CFrame.new(-1.686959,6.018303,29.356445,1.000000,0.000000,0.000000,0.000000,0.979362,0.202116,-0.000000,-0.202116,0.979362),fov=77.073730,dt=0.015088},
	{cf=CFrame.new(-1.685450,6.003967,29.356903,1.000000,0.000000,-0.000000,0.000000,0.979362,0.202116,0.000000,-0.202116,0.979361),fov=77.373161,dt=0.012722},
	{cf=CFrame.new(-1.683972,5.991158,29.357941,1.000000,0.000000,-0.000000,0.000000,0.979362,0.202116,0.000000,-0.202116,0.979361),fov=77.580360,dt=0.021137},
	{cf=CFrame.new(-1.682566,5.979706,29.359528,1.000000,-0.000000,-0.000000,0.000000,0.979362,0.202116,-0.000000,-0.202116,0.979361),fov=77.833000,dt=0.014777},
	{cf=CFrame.new(-1.681197,5.969444,29.361603,1.000000,-0.000000,0.000000,-0.000000,0.979362,0.202116,-0.000000,-0.202116,0.979362),fov=76.934372,dt=0.017322},
	{cf=CFrame.new(-1.679896,5.960236,29.364075,1.000000,-0.000000,0.000000,-0.000000,0.979362,0.202116,-0.000000,-0.202116,0.979362),fov=75.950645,dt=0.018067},
	{cf=CFrame.new(-1.678725,5.952049,29.366302,1.000000,-0.000000,0.000000,-0.000000,0.979362,0.202116,-0.000000,-0.202116,0.979362),fov=75.004768,dt=0.017703},
	{cf=CFrame.new(-1.668599,5.958809,29.365936,1.000000,-0.000000,0.000000,-0.000000,0.979362,0.202116,-0.000000,-0.202116,0.979362),fov=74.157310,dt=0.019709},
	{cf=CFrame.new(-1.644974,5.980583,29.360565,1.000000,-0.000000,0.000000,0.000000,0.979362,0.202116,-0.000000,-0.202116,0.979361),fov=74.739311,dt=0.025275},
	{cf=CFrame.new(-1.606537,6.018715,29.349487,1.000000,0.000000,0.000000,0.000000,0.979362,0.202116,-0.000000,-0.202116,0.979362),fov=73.829460,dt=0.027459},
	{cf=CFrame.new(-1.557522,6.070694,29.335327,1.000000,-0.000000,0.000000,0.000000,0.979362,0.202116,-0.000000,-0.202116,0.979361),fov=72.950783,dt=0.025970},
	{cf=CFrame.new(-1.499168,6.135582,29.319855,1.000000,0.000000,-0.000000,0.000000,0.979362,0.202116,-0.000000,-0.202116,0.979362),fov=72.224998,dt=0.024547},
	{cf=CFrame.new(-1.434836,6.212685,29.310211,1.000000,0.000000,0.000000,-0.000000,0.979362,0.202116,-0.000000,-0.202116,0.979362),fov=71.632980,dt=0.020393},
}

local accumulated = 0
local index = 1
local smoothRootCF = root.CFrame

RunService:BindToRenderStep('FollowCinematic', Enum.RenderPriority.Camera.Value + 1, function(dt)

	accumulated += dt

	smoothRootCF = root.CFrame

	while frames[index] and accumulated >= frames[index].dt do

		accumulated -= frames[index].dt

		local f = frames[index]

		camera.CFrame = smoothRootCF * f.cf
		camera.FieldOfView = f.fov

		index += 1

	end

	if not frames[index] then
		RunService:UnbindFromRenderStep('FollowCinematic')
		camera.CameraType = Enum.CameraType.Custom
	end

end)
