-- Uh Oh
local Players = game:GetService('Players')
local RunService = game:GetService('RunService')

local player = Players.LocalPlayer
local camera = workspace.CurrentCamera

local root = player.Character:WaitForChild('HumanoidRootPart')

camera.CameraType = Enum.CameraType.Scriptable

local frames = {
	{cf=CFrame.new(5.694214,72.257568,67.508942,0.996592,-0.056450,0.060153,-0.000000,0.729199,0.684301,-0.082492,-0.681969,0.726714),fov=70.000000,dt=0.021407},
	{cf=CFrame.new(5.688477,76.042969,67.573181,0.996592,-0.056449,0.060153,-0.000000,0.729199,0.684301,-0.082492,-0.681969,0.726714),fov=70.000000,dt=0.025051},
	{cf=CFrame.new(4.832550,65.052490,57.375732,0.858340,-0.214781,0.465963,-0.162240,0.747951,0.643621,-0.486755,-0.628044,0.607150),fov=70.000000,dt=0.027928},
	{cf=CFrame.new(4.002960,75.838867,44.598007,0.556673,-0.340579,0.757708,-0.297181,0.770095,0.564479,-0.775757,-0.539407,0.327478),fov=70.000000,dt=0.021434},
	{cf=CFrame.new(3.371063,75.834229,35.840355,0.253367,-0.400213,0.880701,-0.365652,0.803244,0.470209,-0.895602,-0.441166,0.057177),fov=70.000000,dt=0.018791},
	{cf=CFrame.new(2.723053,75.889893,26.738632,-0.082593,-0.426284,0.900811,-0.401459,0.841546,0.361430,-0.912145,-0.331787,-0.240642),fov=70.000000,dt=0.022017},
	{cf=CFrame.new(1.776276,76.110840,13.160103,-0.537573,-0.402744,0.740819,-0.390972,0.897466,0.204197,-0.747099,-0.179869,-0.639915),fov=70.000000,dt=0.044272},
	{cf=CFrame.new(1.358917,76.381592,6.826416,-0.694502,-0.381914,0.609762,-0.374686,0.915482,0.146640,-0.614230,-0.126628,-0.778902),fov=70.000000,dt=0.027939},
	{cf=CFrame.new(0.956482,76.699463,0.605560,-0.814859,-0.354737,0.458440,-0.350926,0.931373,0.096932,-0.461364,-0.081893,-0.883424),fov=70.000000,dt=0.035385},
	{cf=CFrame.new(0.701782,76.861816,-2.696251,-0.870000,-0.336911,0.359988,-0.334631,0.939691,0.070732,-0.362108,-0.058926,-0.930272),fov=70.000000,dt=0.028326},
	{cf=CFrame.new(0.521759,77.002930,-4.966282,-0.899841,-0.326276,0.289534,-0.324825,0.944203,0.054501,-0.291162,-0.045006,-0.955615),fov=70.000000,dt=0.024397},
	{cf=CFrame.new(0.361298,77.166016,-6.901913,-0.919089,-0.321119,0.228380,-0.320226,0.946409,0.042010,-0.229632,-0.034522,-0.972665),fov=70.000000,dt=0.026337},
	{cf=CFrame.new(0.252960,77.284912,-8.187672,-0.929274,-0.318344,0.187372,-0.317745,0.947565,0.034044,-0.188385,-0.027900,-0.981699),fov=70.000000,dt=0.021218},
	{cf=CFrame.new(0.156647,77.391846,-9.396137,-0.937228,-0.314883,0.149842,-0.314502,0.948877,0.026862,-0.150640,-0.021949,-0.988345),fov=70.000000,dt=0.023852},
	{cf=CFrame.new(0.071442,77.507568,-10.602249,-0.942827,-0.312575,0.115652,-0.312349,0.949745,0.020545,-0.116262,-0.016753,-0.993078),fov=70.000000,dt=0.027172},
	{cf=CFrame.new(0.009033,77.605469,-11.488445,-0.945580,-0.312327,0.091270,-0.312187,0.949883,0.016183,-0.091750,-0.013191,-0.995695),fov=70.000000,dt=0.027021},
	{cf=CFrame.new(-0.066406,77.722656,-12.560059,-0.948218,-0.311576,0.061679,-0.311512,0.950180,0.010900,-0.062003,-0.008878,-0.998037),fov=70.000000,dt=0.038280},
	{cf=CFrame.new(-0.106415,77.834473,-13.183441,-0.946921,-0.317761,0.048676,-0.317721,0.948144,0.008763,-0.048936,-0.007167,-0.998776),fov=70.000000,dt=0.029808},
	{cf=CFrame.new(-0.131042,77.868164,-13.601288,-0.947413,-0.317661,0.038723,-0.317636,0.948187,0.006968,-0.038931,-0.005698,-0.999226),fov=70.000000,dt=0.024530},
	{cf=CFrame.new(-0.148102,77.895264,-13.901184,-0.947495,-0.318161,0.032040,-0.318144,0.948025,0.005773,-0.032212,-0.004723,-0.999470),fov=70.000000,dt=0.020535},
	{cf=CFrame.new(-0.166077,77.922607,-14.213764,-0.947590,-0.318512,0.024961,-0.318501,0.947912,0.004502,-0.025095,-0.003684,-0.999678),fov=70.000000,dt=0.022735},
	{cf=CFrame.new(-0.179138,77.957520,-14.483143,-0.946845,-0.321030,0.020589,-0.321023,0.947064,0.003742,-0.020701,-0.003067,-0.999781),fov=70.000000,dt=0.024601},
	{cf=CFrame.new(-0.189148,77.982422,-14.684723,-0.946338,-0.322722,0.017181,-0.322717,0.946490,0.003138,-0.017274,-0.002575,-0.999848),fov=70.000000,dt=0.020026},
	{cf=CFrame.new(-0.230774,78.031494,-15.367493,-0.947043,-0.321106,0.000000,-0.321106,0.947043,0.000000,-0.000000,-0.000000,-1.000000),fov=70.000000,dt=0.040728},
	{cf=CFrame.new(0.013519,76.605469,-15.367512,-0.999774,-0.021275,-0.000000,-0.021275,0.999774,0.000000,0.000000,0.000000,-1.000000),fov=70.000000,dt=0.036282},
	{cf=CFrame.new(-0.069580,77.714600,-15.367508,-0.965755,-0.259457,0.000000,-0.259457,0.965755,0.000000,-0.000000,-0.000000,-1.000000),fov=70.000000,dt=0.029326},
	{cf=CFrame.new(0.010071,77.379883,-15.367508,-0.974280,-0.225343,0.000000,-0.225343,0.974280,0.000000,-0.000000,-0.000000,-1.000000),fov=70.000000,dt=0.026903},
	{cf=CFrame.new(0.000519,77.437256,-15.367512,-0.980631,-0.195863,0.000000,-0.195863,0.980631,0.000000,-0.000000,-0.000000,-1.000000),fov=70.000000,dt=0.020678},
	{cf=CFrame.new(-0.011566,77.497803,-15.367512,-0.983801,-0.179263,0.000000,-0.179263,0.983801,0.000000,-0.000000,-0.000000,-1.000000),fov=70.000000,dt=0.037533},
	{cf=CFrame.new(-0.006561,77.470703,-15.367500,-0.987191,-0.159542,0.000000,-0.159542,0.987191,0.000000,-0.000000,-0.000000,-1.000000),fov=70.000000,dt=0.033329},
	{cf=CFrame.new(-0.003815,77.455811,-15.367500,-0.988874,-0.148757,0.000000,-0.148757,0.988874,0.000000,-0.000000,-0.000000,-1.000000),fov=70.000000,dt=0.019534},
	{cf=CFrame.new(0.000275,77.433594,-15.367508,-0.991177,-0.132547,0.000000,-0.132547,0.991177,0.000000,-0.000000,-0.000000,-1.000000),fov=70.000000,dt=0.036039},
	{cf=CFrame.new(0.005280,77.406250,-15.367508,-0.993631,-0.112687,0.000000,-0.112687,0.993631,0.000000,-0.000000,0.000000,-1.000000),fov=70.000000,dt=0.047390},
	{cf=CFrame.new(-0.053497,77.447510,-15.355148,-0.996120,-0.088004,0.000000,-0.088004,0.996120,0.000000,-0.000000,-0.000000,-1.000000),fov=70.000000,dt=0.041904},
	{cf=CFrame.new(-0.146393,77.519287,-15.335949,-0.998478,-0.055156,0.000000,-0.055156,0.998478,0.000000,-0.000000,0.000000,-1.000000),fov=70.000000,dt=0.067351},
	{cf=CFrame.new(-0.197540,77.550049,-15.317879,-0.999077,-0.042951,-0.000883,-0.042951,0.999077,-0.000045,0.000884,-0.000007,-1.000000),fov=70.000000,dt=0.027154},
	{cf=CFrame.new(-0.359009,77.595703,-15.217209,-0.999207,-0.038822,-0.008833,-0.038819,0.999246,-0.000429,0.008843,-0.000085,-0.999961),fov=70.000000,dt=0.056051},
	{cf=CFrame.new(-0.592316,77.662109,-15.071720,-0.999254,-0.032858,-0.020319,-0.032846,0.999460,-0.000925,0.020338,-0.000257,-0.999793),fov=70.000000,dt=0.034209},
	{cf=CFrame.new(-0.764679,77.708740,-14.964920,-0.999173,-0.028276,-0.029214,-0.028262,0.999600,-0.000892,0.029228,-0.000065,-0.999573),fov=70.000000,dt=0.034722},
	{cf=CFrame.new(-0.938965,77.722656,-14.867348,-0.998798,-0.020968,-0.044298,-0.021190,0.999765,0.004557,0.044192,0.005490,-0.999008),fov=70.000000,dt=0.129641},
	{cf=CFrame.new(-1.069702,77.732910,-14.794136,-0.998335,-0.015432,-0.055578,-0.015941,0.999835,0.008713,0.055434,0.009584,-0.998416),fov=70.000000,dt=0.034116},
	{cf=CFrame.new(-1.124176,77.737305,-14.763615,-0.998096,-0.013112,-0.060269,-0.013767,0.999851,0.010462,0.060123,0.011271,-0.998127),fov=70.000000,dt=0.017034},
	{cf=CFrame.new(-1.189514,77.742432,-14.726974,-0.997773,-0.010318,-0.065893,-0.011170,0.999859,0.012574,0.065754,0.013282,-0.997747),fov=70.000000,dt=0.022733},
	{cf=CFrame.new(-1.233093,77.745850,-14.702568,-0.997537,-0.008448,-0.069637,-0.009445,0.999858,0.013990,0.069509,0.014613,-0.997474),fov=70.000000,dt=0.015783},
	{cf=CFrame.new(-1.309326,77.751953,-14.659836,-0.997081,-0.005165,-0.076181,-0.006439,0.999843,0.016484,0.076084,0.016927,-0.996958),fov=70.000000,dt=0.034566},
	{cf=CFrame.new(-1.407349,77.759766,-14.604866,-0.996417,-0.000922,-0.084577,-0.002599,0.999802,0.019719,0.084542,0.019868,-0.996222),fov=70.000000,dt=0.038330},
	{cf=CFrame.new(-1.557220,78.863281,-10.731155,-0.672802,0.496824,-0.548182,0.489659,0.854486,0.173457,0.554592,-0.151720,-0.818174),fov=70.000000,dt=0.019797},
	{cf=CFrame.new(-1.493530,82.626465,0.865898,0.999886,-0.012933,-0.007821,0.007801,-0.001614,0.999968,-0.012945,-0.999915,-0.001513),fov=70.000000,dt=0.015701},
	{cf=CFrame.new(-1.496979,83.595947,0.832970,0.999454,-0.032175,-0.007564,0.007511,-0.001761,0.999970,-0.032187,-0.999481,-0.001519),fov=70.000000,dt=0.026015},
	{cf=CFrame.new(-1.501129,84.759521,0.793488,0.998446,-0.055229,-0.007493,0.007398,-0.001938,0.999971,-0.055242,-0.998472,-0.001527),fov=70.000000,dt=0.022059},
	{cf=CFrame.new(-1.507507,86.504883,0.734253,0.995937,-0.089704,-0.007877,0.007708,-0.002222,0.999968,-0.089718,-0.995966,-0.001521),fov=70.000000,dt=0.038462},
	{cf=CFrame.new(-1.510895,87.144775,0.720695,0.993629,-0.112434,-0.007816,0.007595,-0.002396,0.999968,-0.112449,-0.993656,-0.001527),fov=70.000000,dt=0.023389},
	{cf=CFrame.new(-1.515625,87.733154,0.719810,0.989031,-0.147505,-0.007712,0.007401,-0.002659,0.999969,-0.147521,-0.989058,-0.001538),fov=70.000000,dt=0.038582},
	{cf=CFrame.new(-1.521545,88.463135,0.718735,0.982665,-0.185219,-0.007938,0.007518,-0.002968,0.999967,-0.185237,-0.982693,-0.001524),fov=70.000000,dt=0.026406},
	{cf=CFrame.new(-1.527832,89.252930,0.717537,0.977120,-0.212555,-0.007618,0.007112,-0.003142,0.999970,-0.212572,-0.977144,-0.001559),fov=70.000000,dt=0.024936},
	{cf=CFrame.new(-1.531464,89.704590,0.716850,0.973610,-0.228090,-0.007594,0.007037,-0.003256,0.999970,-0.228108,-0.973635,-0.001565),fov=70.000000,dt=0.019675},
	{cf=CFrame.new(-1.537872,90.494385,0.715675,0.966880,-0.255110,-0.007831,0.007179,-0.003488,0.999968,-0.255129,-0.966906,-0.001541),fov=70.000000,dt=0.028172},
	{cf=CFrame.new(-1.534637,91.124268,0.707397,0.960873,-0.276875,-0.008019,0.007285,-0.003679,0.999967,-0.276895,-0.960899,-0.001518),fov=70.000000,dt=0.021197},
	{cf=CFrame.new(-1.514008,91.659180,0.684547,0.955133,-0.296073,-0.007815,0.007006,-0.003793,0.999968,-0.296094,-0.955158,-0.001548),fov=70.000000,dt=0.032127},
	{cf=CFrame.new(-1.489960,92.283203,0.657921,0.947957,-0.318304,-0.007800,0.006900,-0.003956,0.999968,-0.318325,-0.947980,-0.001554),fov=70.000000,dt=0.024206},
	{cf=CFrame.new(-1.469391,92.818115,0.635078,0.941397,-0.337205,-0.007979,0.006997,-0.004127,0.999967,-0.337227,-0.941422,-0.001526),fov=70.000000,dt=0.031257},
	{cf=CFrame.new(-1.411041,93.305420,0.579247,0.929906,-0.367709,-0.008024,0.006904,-0.004363,0.999967,-0.367732,-0.929931,-0.001518),fov=70.000000,dt=0.031221},
	{cf=CFrame.new(-1.371002,93.488770,0.542236,0.922821,-0.385145,-0.008100,0.006896,-0.004508,0.999966,-0.385168,-0.922845,-0.001504),fov=70.000000,dt=0.027731},
	{cf=CFrame.new(-1.367584,93.372070,0.540222,0.918431,-0.395499,-0.008027,0.006772,-0.004569,0.999967,-0.395523,-0.918455,-0.001519),fov=70.000000,dt=0.025004},
	{cf=CFrame.new(-1.372162,93.218750,0.545624,0.915447,-0.402360,-0.007944,0.006655,-0.004602,0.999967,-0.402383,-0.915470,-0.001536),fov=70.000000,dt=0.024744},
	{cf=CFrame.new(-1.377502,93.040039,0.551903,0.911901,-0.410334,-0.007878,0.006548,-0.004646,0.999968,-0.410357,-0.911923,-0.001550),fov=70.000000,dt=0.023411},
	{cf=CFrame.new(-1.382874,92.861084,0.558212,0.908287,-0.418274,-0.007843,0.006472,-0.004696,0.999968,-0.418298,-0.908309,-0.001558),fov=70.000000,dt=0.033445},
	{cf=CFrame.new(-1.387482,92.707764,0.563614,0.905135,-0.425053,-0.007838,0.006432,-0.004744,0.999968,-0.425077,-0.905156,-0.001560),fov=70.000000,dt=0.024180},
	{cf=CFrame.new(-1.393616,92.503418,0.570808,0.900853,-0.434052,-0.007869,0.006414,-0.004816,0.999968,-0.434076,-0.900875,-0.001554),fov=70.000000,dt=0.032145},
	{cf=CFrame.new(-1.396667,92.401367,0.574402,0.898680,-0.438534,-0.007899,0.006420,-0.004855,0.999968,-0.438559,-0.898701,-0.001548),fov=70.000000,dt=0.018228},
	{cf=CFrame.new(-1.402069,92.222412,0.580727,0.894823,-0.446349,-0.007978,0.006456,-0.004930,0.999967,-0.446374,-0.894845,-0.001530),fov=70.000000,dt=0.028882},
	{cf=CFrame.new(-1.406708,92.069092,0.586121,0.891464,-0.453019,-0.008071,0.006512,-0.005002,0.999966,-0.453044,-0.891486,-0.001508),fov=70.000000,dt=0.025109},
	{cf=CFrame.new(-1.407837,91.665527,0.590607,0.887728,-0.460298,-0.008097,0.006497,-0.005061,0.999966,-0.460323,-0.887750,-0.001502),fov=70.000000,dt=0.027401},
	{cf=CFrame.new(-1.405487,91.011475,0.594177,0.883598,-0.468176,-0.008063,0.006418,-0.005110,0.999966,-0.468201,-0.883621,-0.001510),fov=70.000000,dt=0.022274},
	{cf=CFrame.new(-1.403107,90.357422,0.597733,0.879400,-0.476015,-0.008062,0.006370,-0.005166,0.999966,-0.476041,-0.879422,-0.001511),fov=70.000000,dt=0.022653},
	{cf=CFrame.new(-1.401184,89.812256,0.600723,0.875849,-0.482517,-0.008085,0.006355,-0.005219,0.999966,-0.482543,-0.875871,-0.001505),fov=70.000000,dt=0.020693},
	{cf=CFrame.new(-1.396515,88.991211,0.603706,0.871293,-0.490697,-0.008098,0.006319,-0.005282,0.999966,-0.490723,-0.871314,-0.001501),fov=70.000000,dt=0.027324},
	{cf=CFrame.new(-1.387207,87.836426,0.605453,0.866186,-0.499656,-0.008060,0.006227,-0.005336,0.999966,-0.499682,-0.866207,-0.001511),fov=70.000000,dt=0.025620},
	{cf=CFrame.new(-1.376373,86.489258,0.607529,0.860114,-0.510038,-0.008070,0.006173,-0.005413,0.999966,-0.510064,-0.860135,-0.001508),fov=70.000000,dt=0.029418},
	{cf=CFrame.new(-1.363007,85.117188,0.594238,0.854838,-0.518832,-0.008107,0.006153,-0.005487,0.999966,-0.518859,-0.854859,-0.001498),fov=70.000000,dt=0.023947},
	{cf=CFrame.new(-1.329132,82.659912,0.505653,0.849604,-0.527359,-0.008091,0.006083,-0.005543,0.999966,-0.527386,-0.849625,-0.001502),fov=70.000000,dt=0.028100},
	{cf=CFrame.new(-1.287109,80.037598,0.407188,0.844300,-0.535809,-0.008096,0.006032,-0.005605,0.999966,-0.535836,-0.844320,-0.001500),fov=70.000000,dt=0.019251},
	{cf=CFrame.new(-1.204407,76.589111,0.259315,0.838980,-0.544104,-0.008043,0.005923,-0.005648,0.999967,-0.544131,-0.838999,-0.001515),fov=70.000000,dt=0.025176},
	{cf=CFrame.new(-1.135468,73.715332,0.136063,0.834484,-0.550973,-0.008028,0.005862,-0.005692,0.999967,-0.551000,-0.834504,-0.001520),fov=70.000000,dt=0.023360},
	{cf=CFrame.new(-1.066528,70.841553,0.012825,0.829934,-0.557804,-0.008039,0.005826,-0.005743,0.999967,-0.557832,-0.829953,-0.001516),fov=70.000000,dt=0.021947},
	{cf=CFrame.new(-0.983856,67.393066,-0.135071,0.824401,-0.565949,-0.008088,0.005818,-0.005816,0.999966,-0.565977,-0.824420,-0.001502),fov=70.000000,dt=0.026634},
	{cf=CFrame.new(-0.860413,63.118408,-0.332390,0.818857,-0.573941,-0.008050,0.005723,-0.005860,0.999966,-0.573968,-0.818876,-0.001513),fov=70.000000,dt=0.017142},
	{cf=CFrame.new(-0.772675,60.158447,-0.470543,0.815129,-0.579224,-0.008029,0.005664,-0.005890,0.999966,-0.579252,-0.815147,-0.001520),fov=70.000000,dt=0.019852},
	{cf=CFrame.new(-0.663055,56.458740,-0.643223,0.810421,-0.585793,-0.008024,0.005612,-0.005934,0.999966,-0.585821,-0.810439,-0.001521),fov=70.000000,dt=0.023304},
	{cf=CFrame.new(-0.509583,51.279053,-0.884983,0.803742,-0.594923,-0.008060,0.005580,-0.006009,0.999966,-0.594952,-0.803760,-0.001510),fov=70.000000,dt=0.029706},
	{cf=CFrame.new(7.319519,11.671631,2.186852,0.433292,-0.232093,0.870857,-0.264676,0.890896,0.369122,-0.861513,-0.390432,0.324589),fov=70.000000,dt=0.024734},
	{cf=CFrame.new(9.867554,-0.818359,3.211029,0.385677,0.111459,0.915877,-0.224238,0.974235,-0.024134,-0.894969,-0.196067,0.400734),fov=70.000000,dt=0.019221},
	{cf=CFrame.new(9.881805,-0.819336,3.178467,0.385677,0.111459,0.915877,-0.224238,0.974235,-0.024134,-0.894969,-0.196067,0.400734),fov=70.000000,dt=0.019162},
	{cf=CFrame.new(9.886505,-0.865723,3.164932,0.386674,0.107772,0.915897,-0.214942,0.976328,-0.024139,-0.896818,-0.187531,0.400686),fov=70.000000,dt=0.018854},
	{cf=CFrame.new(9.890564,-0.983398,3.148582,0.385678,0.111457,0.915876,-0.224235,0.974236,-0.024134,-0.894970,-0.196063,0.400734),fov=70.000000,dt=0.034477},
	{cf=CFrame.new(9.929657,-0.772949,3.071907,0.386845,0.107258,0.915886,-0.213636,0.976615,-0.024135,-0.897056,-0.186330,0.400713),fov=70.000000,dt=0.017262},
	{cf=CFrame.new(9.928406,-0.862061,3.069359,0.385677,0.111459,0.915877,-0.224238,0.974235,-0.024134,-0.894969,-0.196067,0.400734),fov=70.000000,dt=0.019998},
	{cf=CFrame.new(9.945526,-0.798584,3.034058,0.385677,0.111459,0.915877,-0.224238,0.974235,-0.024134,-0.894969,-0.196067,0.400734),fov=70.000000,dt=0.019524},
	{cf=CFrame.new(9.960724,-0.803467,2.999031,0.385677,0.111459,0.915877,-0.224238,0.974235,-0.024134,-0.894969,-0.196067,0.400734),fov=70.000000,dt=0.035532},
	{cf=CFrame.new(9.969147,-0.816162,2.979057,0.385677,0.111459,0.915877,-0.224238,0.974235,-0.024134,-0.894969,-0.196067,0.400734),fov=70.000000,dt=0.036151},
	{cf=CFrame.new(9.982178,-0.832520,2.948257,0.385677,0.111459,0.915877,-0.224238,0.974235,-0.024134,-0.894969,-0.196067,0.400734),fov=70.000000,dt=0.027516},
	{cf=CFrame.new(9.988708,-0.840820,2.932846,0.385677,0.111459,0.915877,-0.224238,0.974235,-0.024134,-0.894969,-0.196067,0.400734),fov=70.000000,dt=0.018095},
	{cf=CFrame.new(9.995239,-0.848877,2.917465,0.385677,0.111459,0.915877,-0.224238,0.974235,-0.024134,-0.894969,-0.196067,0.400734),fov=70.000000,dt=0.022020},
	{cf=CFrame.new(10.006958,-0.863770,2.889740,0.385677,0.111459,0.915877,-0.224238,0.974235,-0.024134,-0.894969,-0.196067,0.400734),fov=70.000000,dt=0.037685},
	{cf=CFrame.new(10.014618,-0.866943,2.872078,0.385677,0.111459,0.915877,-0.224238,0.974235,-0.024134,-0.894969,-0.196067,0.400734),fov=70.000000,dt=0.021787},
	{cf=CFrame.new(10.020813,-0.864014,2.858025,0.385677,0.111459,0.915877,-0.224238,0.974235,-0.024134,-0.894969,-0.196067,0.400734),fov=70.000000,dt=0.020455},
	{cf=CFrame.new(10.037018,-0.856445,2.821526,0.385677,0.111459,0.915877,-0.224238,0.974235,-0.024134,-0.894969,-0.196067,0.400734),fov=70.000000,dt=0.073389},
	{cf=CFrame.new(10.048523,-0.850586,2.795532,0.385677,0.111459,0.915877,-0.224238,0.974235,-0.024134,-0.894969,-0.196067,0.400734),fov=70.000000,dt=0.037402},
	{cf=CFrame.new(10.053497,-0.846924,2.784431,0.385677,0.111459,0.915877,-0.224238,0.974235,-0.024134,-0.894969,-0.196067,0.400734),fov=70.000000,dt=0.017473},
	{cf=CFrame.new(10.057037,-0.844482,2.776497,0.385677,0.111459,0.915877,-0.224238,0.974235,-0.024134,-0.894969,-0.196067,0.400734),fov=70.000000,dt=0.019798},
	{cf=CFrame.new(10.059845,-0.842529,2.770172,0.385677,0.111459,0.915877,-0.224238,0.974235,-0.024134,-0.894969,-0.196067,0.400734),fov=70.000000,dt=0.022444},
	{cf=CFrame.new(10.065521,-0.838379,2.757484,0.385677,0.111459,0.915877,-0.224238,0.974235,-0.024134,-0.894969,-0.196067,0.400734),fov=70.000000,dt=0.033148},
	{cf=CFrame.new(10.066620,-0.832764,2.755257,0.385677,0.111459,0.915877,-0.224238,0.974235,-0.024134,-0.894969,-0.196067,0.400734),fov=70.000000,dt=0.025189},
	{cf=CFrame.new(10.064362,-0.827881,2.760765,0.385677,0.111459,0.915877,-0.224238,0.974235,-0.024134,-0.894969,-0.196067,0.400734),fov=70.000000,dt=0.016096},
	{cf=CFrame.new(10.061493,-0.821777,2.767662,0.385677,0.111459,0.915877,-0.224238,0.974235,-0.024134,-0.894969,-0.196067,0.400734),fov=70.000000,dt=0.019389},
	{cf=CFrame.new(10.058655,-0.815674,2.774551,0.385677,0.111459,0.915877,-0.224238,0.974235,-0.024134,-0.894969,-0.196067,0.400734),fov=70.000000,dt=0.024714},
	{cf=CFrame.new(10.055206,-0.808105,2.782822,0.385677,0.111459,0.915877,-0.224238,0.974235,-0.024134,-0.894969,-0.196067,0.400734),fov=70.000000,dt=0.023397},
	{cf=CFrame.new(10.051819,-0.800781,2.791084,0.385677,0.111459,0.915877,-0.224238,0.974235,-0.024134,-0.894969,-0.196067,0.400734),fov=70.000000,dt=0.026550},
	{cf=CFrame.new(10.047791,-0.792236,2.800743,0.385677,0.111459,0.915877,-0.224238,0.974235,-0.024134,-0.894969,-0.196067,0.400734),fov=70.000000,dt=0.027888},
	{cf=CFrame.new(10.045288,-0.787109,2.806740,0.385677,0.111459,0.915877,-0.224238,0.974235,-0.024134,-0.894969,-0.196067,0.400734),fov=70.000000,dt=0.019025},
	{cf=CFrame.new(10.043304,-0.783203,2.811577,0.385677,0.111459,0.915877,-0.224238,0.974235,-0.024134,-0.894969,-0.196067,0.400734),fov=70.000000,dt=0.017532},
	{cf=CFrame.new(10.040802,-0.778320,2.817574,0.385677,0.111459,0.915877,-0.224238,0.974235,-0.024134,-0.894969,-0.196067,0.400734),fov=70.000000,dt=0.020601},
	{cf=CFrame.new(10.037781,-0.772217,2.824791,0.385677,0.111459,0.915877,-0.224238,0.974235,-0.024134,-0.894969,-0.196067,0.400734),fov=70.000000,dt=0.030197},
	{cf=CFrame.new(10.033783,-0.764404,2.834412,0.385677,0.111459,0.915877,-0.224238,0.974235,-0.024134,-0.894969,-0.196067,0.400734),fov=70.000000,dt=0.032066},
	{cf=CFrame.new(10.021454,-0.926514,2.852943,0.385677,0.111459,0.915877,-0.224238,0.974235,-0.024134,-0.894969,-0.196067,0.400734),fov=70.000000,dt=0.024776},
	{cf=CFrame.new(10.053619,-0.708252,2.792519,0.385677,0.111459,0.915877,-0.224238,0.974235,-0.024134,-0.894969,-0.196067,0.400734),fov=70.000000,dt=0.028843},
	{cf=CFrame.new(10.047607,-0.814941,2.799850,0.385677,0.111459,0.915877,-0.224238,0.974235,-0.024134,-0.894969,-0.196067,0.400734),fov=70.000000,dt=0.021706},
	{cf=CFrame.new(10.050842,-0.831543,2.791389,0.385677,0.111459,0.915877,-0.224238,0.974235,-0.024134,-0.894969,-0.196067,0.400734),fov=70.000000,dt=0.025159},
	{cf=CFrame.new(10.065063,-0.827393,2.759171,0.385677,0.111459,0.915877,-0.224238,0.974235,-0.024134,-0.894969,-0.196067,0.400734),fov=70.000000,dt=0.027981},
	{cf=CFrame.new(10.079254,-0.823486,2.726944,0.385677,0.111459,0.915877,-0.224238,0.974235,-0.024134,-0.894969,-0.196067,0.400734),fov=70.000000,dt=0.030232},
	{cf=CFrame.new(10.091431,-0.820068,2.699333,0.385677,0.111459,0.915877,-0.224238,0.974235,-0.024134,-0.894969,-0.196067,0.400734),fov=70.000000,dt=0.019320},
	{cf=CFrame.new(10.087738,-0.817139,2.707985,0.385677,0.111459,0.915877,-0.224238,0.974235,-0.024134,-0.894969,-0.196067,0.400734),fov=70.000000,dt=0.027872},
	{cf=CFrame.new(10.080292,-0.811523,2.725319,0.385677,0.111459,0.915877,-0.224238,0.974235,-0.024134,-0.894969,-0.196067,0.400734),fov=70.000000,dt=0.023893},
	{cf=CFrame.new(10.076569,-0.808594,2.733994,0.385677,0.111459,0.915877,-0.224238,0.974235,-0.024134,-0.894969,-0.196067,0.400734),fov=70.000000,dt=0.017139},
	{cf=CFrame.new(10.072876,-0.805664,2.742645,0.385677,0.111459,0.915877,-0.224238,0.974235,-0.024134,-0.894969,-0.196067,0.400734),fov=70.000000,dt=0.016196},
	{cf=CFrame.new(10.067322,-0.801270,2.755638,0.385677,0.111459,0.915877,-0.224238,0.974235,-0.024134,-0.894969,-0.196067,0.400734),fov=70.000000,dt=0.025283},
	{cf=CFrame.new(10.061127,-0.797119,2.770050,0.385677,0.111459,0.915877,-0.224238,0.974235,-0.024134,-0.894969,-0.196067,0.400734),fov=70.000000,dt=0.034713},
	{cf=CFrame.new(10.054108,-0.798828,2.785927,0.385677,0.111459,0.915877,-0.224238,0.974235,-0.024134,-0.894969,-0.196067,0.400734),fov=70.000000,dt=0.040527},
	{cf=CFrame.new(10.050964,-0.799561,2.793137,0.385677,0.111459,0.915877,-0.224238,0.974235,-0.024134,-0.894969,-0.196067,0.400734),fov=70.000000,dt=0.026035},
	{cf=CFrame.new(10.041718,-0.837402,2.812019,0.385677,0.111459,0.915877,-0.224238,0.974235,-0.024134,-0.894969,-0.196067,0.400734),fov=70.000000,dt=0.033210},
	{cf=CFrame.new(10.035614,-0.857910,2.824677,0.385677,0.111459,0.915877,-0.224238,0.974235,-0.024134,-0.894969,-0.196067,0.400734),fov=70.000000,dt=0.019284},
	{cf=CFrame.new(10.049500,-0.709717,2.801872,0.385677,0.111459,0.915877,-0.224238,0.974235,-0.024134,-0.894969,-0.196067,0.400734),fov=70.000000,dt=0.023366},
	{cf=CFrame.new(10.037720,-0.780029,2.824524,0.385677,0.111459,0.915877,-0.224238,0.974235,-0.024134,-0.894969,-0.196067,0.400734),fov=70.000000,dt=0.022041},
	{cf=CFrame.new(10.032959,-0.806396,2.833839,0.385677,0.111459,0.915877,-0.224238,0.974235,-0.024134,-0.894969,-0.196067,0.400734),fov=70.000000,dt=0.031145},
	{cf=CFrame.new(10.031433,-0.811035,2.836990,0.385677,0.111459,0.915877,-0.224238,0.974235,-0.024134,-0.894969,-0.196067,0.400734),fov=70.000000,dt=0.027464},
	{cf=CFrame.new(10.029938,-0.815918,2.840118,0.385677,0.111459,0.915877,-0.224238,0.974235,-0.024134,-0.894969,-0.196067,0.400734),fov=70.000000,dt=0.025114},
	{cf=CFrame.new(10.028687,-0.819824,2.842796,0.385677,0.111459,0.915877,-0.224238,0.974235,-0.024134,-0.894969,-0.196067,0.400734),fov=70.000000,dt=0.040225},
	{cf=CFrame.new(10.026550,-0.826660,2.847275,0.385677,0.111459,0.915877,-0.224238,0.974235,-0.024134,-0.894969,-0.196067,0.400734),fov=70.000000,dt=0.030402},
	{cf=CFrame.new(10.026184,-0.833252,2.847656,0.385677,0.111459,0.915877,-0.224238,0.974235,-0.024134,-0.894969,-0.196067,0.400734),fov=70.000000,dt=0.041036},
	{cf=CFrame.new(10.027588,-0.837158,2.844200,0.385677,0.111459,0.915877,-0.224238,0.974235,-0.024134,-0.894969,-0.196067,0.400734),fov=70.000000,dt=0.024007},
	{cf=CFrame.new(10.028992,-0.841309,2.840767,0.385677,0.111459,0.915877,-0.224238,0.974235,-0.024134,-0.894969,-0.196067,0.400734),fov=70.000000,dt=0.023693},
	{cf=CFrame.new(10.030396,-0.845215,2.837311,0.385677,0.111459,0.915877,-0.224238,0.974235,-0.024134,-0.894969,-0.196067,0.400734),fov=70.000000,dt=0.025636},
	{cf=CFrame.new(10.031830,-0.849121,2.833862,0.385677,0.111459,0.915877,-0.224238,0.974235,-0.024134,-0.894969,-0.196067,0.400734),fov=70.000000,dt=0.025767},
	{cf=CFrame.new(10.032959,-0.852295,2.830994,0.385677,0.111459,0.915877,-0.224238,0.974235,-0.024134,-0.894969,-0.196067,0.400734),fov=70.000000,dt=0.020123},
	{cf=CFrame.new(10.034149,-0.855713,2.828117,0.385677,0.111459,0.915877,-0.224238,0.974235,-0.024134,-0.894969,-0.196067,0.400734),fov=70.000000,dt=0.023875},
	{cf=CFrame.new(10.036682,-0.856934,2.822227,0.385677,0.111459,0.915877,-0.224238,0.974235,-0.024134,-0.894969,-0.196067,0.400734),fov=70.000000,dt=0.023200},
	{cf=CFrame.new(10.037567,-0.881592,2.818840,0.385677,0.111459,0.915877,-0.224238,0.974235,-0.024134,-0.894969,-0.196067,0.400734),fov=70.000000,dt=0.025459},
	{cf=CFrame.new(10.051819,-0.779541,2.792366,0.385677,0.111459,0.915877,-0.224238,0.974235,-0.024134,-0.894969,-0.196067,0.400734),fov=70.000000,dt=0.026936},
	{cf=CFrame.new(10.050873,-0.842285,2.790741,0.385677,0.111459,0.915877,-0.224238,0.974235,-0.024134,-0.894969,-0.196067,0.400734),fov=70.000000,dt=0.048539},
	{cf=CFrame.new(10.054840,-0.834717,2.782112,0.385677,0.111459,0.915877,-0.224238,0.974235,-0.024134,-0.894969,-0.196067,0.400734),fov=70.000000,dt=0.026108},
	{cf=CFrame.new(10.055969,-0.857422,2.778130,0.385677,0.111459,0.915877,-0.224238,0.974235,-0.024134,-0.894969,-0.196067,0.400734),fov=70.000000,dt=0.022602},
	{cf=CFrame.new(10.058411,-0.857910,2.772560,0.385677,0.111459,0.915877,-0.224238,0.974235,-0.024134,-0.894969,-0.196067,0.400734),fov=70.000000,dt=0.036359},
	{cf=CFrame.new(10.063873,-0.859131,2.759987,0.385677,0.111459,0.915877,-0.224238,0.974235,-0.024134,-0.894969,-0.196067,0.400734),fov=70.000000,dt=0.024057},
	{cf=CFrame.new(10.067535,-0.859863,2.751602,0.385677,0.111459,0.915877,-0.224238,0.974235,-0.024134,-0.894969,-0.196067,0.400734),fov=70.000000,dt=0.023869},
	{cf=CFrame.new(10.070557,-0.860596,2.744629,0.385677,0.111459,0.915877,-0.224238,0.974235,-0.024134,-0.894969,-0.196067,0.400734),fov=70.000000,dt=0.025383},
	{cf=CFrame.new(10.074219,-0.861328,2.736252,0.385677,0.111459,0.915877,-0.224238,0.974235,-0.024134,-0.894969,-0.196067,0.400734),fov=70.000000,dt=0.017878},
	{cf=CFrame.new(10.077240,-0.862061,2.729294,0.385677,0.111459,0.915877,-0.224238,0.974235,-0.024134,-0.894969,-0.196067,0.400734),fov=70.000000,dt=0.016325},
	{cf=CFrame.new(10.064026,-0.999268,2.751221,0.385677,0.111459,0.915877,-0.224238,0.974235,-0.024134,-0.894969,-0.196067,0.400734),fov=70.000000,dt=0.019759},
	{cf=CFrame.new(10.085327,-0.845947,2.711838,0.385677,0.111459,0.915877,-0.224238,0.974235,-0.024134,-0.894969,-0.196067,0.400734),fov=70.000000,dt=0.030164},
	{cf=CFrame.new(10.087677,-0.862061,2.705391,0.385677,0.111459,0.915877,-0.224238,0.974235,-0.024134,-0.894969,-0.196067,0.400734),fov=70.000000,dt=0.026986},
	{cf=CFrame.new(10.092133,-0.849854,2.695953,0.385677,0.111459,0.915877,-0.224238,0.974235,-0.024134,-0.894969,-0.196067,0.400734),fov=70.000000,dt=0.022987},
	{cf=CFrame.new(10.095123,-0.850586,2.689064,0.385677,0.111459,0.915877,-0.224238,0.974235,-0.024134,-0.894969,-0.196067,0.400734),fov=70.000000,dt=0.028776},
	{cf=CFrame.new(10.097870,-0.853760,2.682709,0.385677,0.111459,0.915877,-0.224238,0.974235,-0.024134,-0.894969,-0.196067,0.400734),fov=70.000000,dt=0.025153},
	{cf=CFrame.new(10.101013,-0.857422,2.675262,0.385677,0.111459,0.915877,-0.224238,0.974235,-0.024134,-0.894969,-0.196067,0.400734),fov=70.000000,dt=0.041458},
	{cf=CFrame.new(10.105957,-0.863281,2.663605,0.385677,0.111459,0.915877,-0.224238,0.974235,-0.024134,-0.894969,-0.196067,0.400734),fov=70.000000,dt=0.034227},
	{cf=CFrame.new(10.109100,-0.866943,2.656174,0.385677,0.111459,0.915877,-0.224238,0.974235,-0.024134,-0.894969,-0.196067,0.400734),fov=70.000000,dt=0.027376},
	{cf=CFrame.new(10.111816,-0.870117,2.649811,0.385677,0.111459,0.915877,-0.224238,0.974235,-0.024134,-0.894969,-0.196067,0.400734),fov=70.000000,dt=0.019459},
	{cf=CFrame.new(0.827850,0.879883,-3.714890,0.924415,0.021310,0.380792,-0.381051,0.009645,0.924504,0.016029,-0.999726,0.017036),fov=70.000000,dt=0.025568},
	{cf=CFrame.new(0.907684,0.850098,-3.876537,0.924415,0.021312,0.380792,-0.381051,0.009645,0.924504,0.016030,-0.999726,0.017037),fov=70.000000,dt=0.039194},
	{cf=CFrame.new(0.973724,0.821289,-3.788418,0.924415,0.021311,0.380792,-0.381051,0.009645,0.924504,0.016029,-0.999726,0.017037),fov=70.000000,dt=0.035634},
	{cf=CFrame.new(1.049469,0.788574,-3.711018,0.924415,0.021310,0.380792,-0.381051,0.009645,0.924504,0.016029,-0.999726,0.017036),fov=70.000000,dt=0.051528},
	{cf=CFrame.new(1.089020,0.772217,-3.710342,0.924415,0.021310,0.380792,-0.381051,0.009645,0.924504,0.016029,-0.999726,0.017036),fov=70.000000,dt=0.064625},
	{cf=CFrame.new(1.115112,0.761475,-3.709885,0.924415,0.021310,0.380792,-0.381051,0.009645,0.924504,0.016029,-0.999726,0.017036),fov=70.000000,dt=0.042270},
	{cf=CFrame.new(1.109863,0.763672,-3.709980,0.924415,0.021310,0.380792,-0.381051,0.009645,0.924504,0.016029,-0.999726,0.017036),fov=70.000000,dt=0.036378},
	{cf=CFrame.new(1.105652,0.765381,-3.710052,0.924415,0.021310,0.380792,-0.381051,0.009645,0.924504,0.016029,-0.999726,0.017036),fov=70.000000,dt=0.034157},
	{cf=CFrame.new(1.101959,0.766846,-3.710117,0.924415,0.021310,0.380792,-0.381051,0.009645,0.924504,0.016029,-0.999726,0.017036),fov=70.000000,dt=0.024236},
	{cf=CFrame.new(1.098785,0.768311,-3.710178,0.924415,0.021310,0.380792,-0.381051,0.009645,0.924504,0.016029,-0.999726,0.017036),fov=70.000000,dt=0.026461},
	{cf=CFrame.new(1.095551,0.769531,-3.710224,0.924415,0.021310,0.380792,-0.381051,0.009645,0.924504,0.016029,-0.999726,0.017036),fov=70.000000,dt=0.028194},
	{cf=CFrame.new(1.093628,0.770264,-3.710262,0.924415,0.021310,0.380792,-0.381051,0.009645,0.924504,0.016029,-0.999726,0.017036),fov=70.000000,dt=0.022608},
	{cf=CFrame.new(1.091309,0.771240,-3.710312,0.924415,0.021310,0.380792,-0.381051,0.009645,0.924504,0.016029,-0.999726,0.017036),fov=70.000000,dt=0.023073},
	{cf=CFrame.new(1.089386,0.772217,-3.710335,0.924415,0.021310,0.380792,-0.381051,0.009645,0.924504,0.016029,-0.999726,0.017036),fov=70.000000,dt=0.021991},
	{cf=CFrame.new(1.091125,0.770996,-3.692944,0.924044,0.032704,0.380884,-0.381232,0.004924,0.924466,0.028358,-0.999453,0.017018),fov=70.000000,dt=0.029477},
	{cf=CFrame.new(1.114838,0.760986,-3.681168,0.923596,0.042277,0.381029,-0.381407,0.000938,0.924407,0.038724,-0.999106,0.016991),fov=70.000000,dt=0.022307},
	{cf=CFrame.new(1.144012,0.750000,-3.738506,0.924631,0.006429,0.380809,-0.380863,0.015775,0.924497,-0.000064,-0.999855,0.017034),fov=70.000000,dt=0.026689},
	{cf=CFrame.new(1.168213,0.739502,-3.708973,0.924415,0.021309,0.380792,-0.381050,0.009645,0.924504,0.016027,-0.999726,0.017036),fov=70.000000,dt=0.025713},
	{cf=CFrame.new(1.189789,0.730713,-3.708603,0.924550,0.014098,0.380801,-0.380973,0.012616,0.924500,0.008229,-0.999821,0.017035),fov=70.000000,dt=0.027419},
	{cf=CFrame.new(1.208252,0.723145,-3.708302,0.924609,0.009725,0.380794,-0.380902,0.014420,0.924503,0.003499,-0.999849,0.017037),fov=70.000000,dt=0.024802},
	{cf=CFrame.new(1.223694,0.716797,-3.708027,0.924557,0.013586,0.380800,-0.380965,0.012827,0.924500,0.007675,-0.999826,0.017036),fov=70.000000,dt=0.020954},
	{cf=CFrame.new(1.239075,0.710449,-3.707760,0.924493,0.017448,0.380799,-0.381015,0.011235,0.924501,0.011853,-0.999785,0.017035),fov=70.000000,dt=0.039103},
	{cf=CFrame.new(1.246918,0.707275,-3.707615,0.924415,0.021310,0.380792,-0.381051,0.009645,0.924504,0.016029,-0.999726,0.017036),fov=70.000000,dt=0.034660},
	{cf=CFrame.new(1.240448,0.709717,-3.707729,0.924415,0.021310,0.380792,-0.381051,0.009645,0.924504,0.016029,-0.999726,0.017036),fov=70.000000,dt=0.026486},
	{cf=CFrame.new(1.231781,0.713379,-3.707878,0.924415,0.021310,0.380792,-0.381051,0.009645,0.924504,0.016029,-0.999726,0.017036),fov=70.000000,dt=0.032625},
	{cf=CFrame.new(1.223450,0.716797,-3.708015,0.924415,0.021310,0.380792,-0.381051,0.009645,0.924504,0.016029,-0.999726,0.017036),fov=70.000000,dt=0.020466},
	{cf=CFrame.new(1.208313,0.723145,-3.708294,0.924415,0.021310,0.380792,-0.381051,0.009645,0.924504,0.016029,-0.999726,0.017036),fov=70.000000,dt=0.041234},
	{cf=CFrame.new(1.193115,0.729248,-3.708549,0.924415,0.021311,0.380792,-0.381050,0.009645,0.924504,0.016029,-0.999726,0.017036),fov=70.000000,dt=0.036709},
	{cf=CFrame.new(1.186829,0.731445,-3.687450,0.924263,0.026808,0.380813,-0.381122,0.007373,0.924495,0.021976,-0.999614,0.017032),fov=70.000000,dt=0.039532},
	{cf=CFrame.new(1.247314,0.707520,-3.738907,0.924619,0.006430,0.380838,-0.380892,0.015767,0.924485,-0.000060,-0.999855,0.017028),fov=70.000000,dt=0.038374},
	{cf=CFrame.new(1.288177,0.690186,-3.704945,0.924510,0.016282,0.380809,-0.381010,0.011715,0.924497,0.010591,-0.999799,0.017034),fov=70.000000,dt=0.028024},
	{cf=CFrame.new(1.324249,0.675293,-3.706287,0.924415,0.021310,0.380792,-0.381051,0.009645,0.924504,0.016029,-0.999726,0.017036),fov=70.000000,dt=0.029749},
	{cf=CFrame.new(1.327728,0.673828,-3.706226,0.924415,0.021310,0.380792,-0.381051,0.009645,0.924504,0.016029,-0.999726,0.017036),fov=70.000000,dt=0.033586},
	{cf=CFrame.new(1.330322,0.672852,-3.706173,0.924415,0.021310,0.380792,-0.381051,0.009645,0.924504,0.016029,-0.999726,0.017036),fov=70.000000,dt=0.033965},
	{cf=CFrame.new(1.335541,0.670654,-3.706089,0.924415,0.021310,0.380792,-0.381051,0.009645,0.924504,0.016029,-0.999726,0.017036),fov=70.000000,dt=0.039596},
	{cf=CFrame.new(1.321838,0.676025,-3.689869,0.924532,0.014638,0.380823,-0.381002,0.012388,0.924491,0.008815,-0.999816,0.017030),fov=70.000000,dt=0.022030},
	{cf=CFrame.new(1.243713,0.707764,-3.665661,0.924588,0.007142,0.380902,-0.380968,0.015459,0.924459,0.000714,-0.999855,0.017014),fov=70.000000,dt=0.026038},
	{cf=CFrame.new(1.136536,0.753174,-3.735065,0.923716,0.041659,0.380805,-0.381184,0.001249,0.924498,0.038038,-0.999131,0.017034),fov=70.000000,dt=0.023530},
	{cf=CFrame.new(1.058533,0.784912,-3.718170,0.924253,0.027120,0.380816,-0.381128,0.007244,0.924494,0.022314,-0.999606,0.017031),fov=70.000000,dt=0.027908},
	{cf=CFrame.new(1.015625,0.802490,-3.704586,0.924460,0.019238,0.380793,-0.381030,0.010499,0.924503,0.013788,-0.999760,0.017037),fov=70.000000,dt=0.028857},
	{cf=CFrame.new(0.999207,0.809082,-3.695030,0.924516,0.016339,0.380792,-0.380994,0.011695,0.924504,0.010652,-0.999798,0.017037),fov=70.000000,dt=0.023337},
	{cf=CFrame.new(0.985504,0.814697,-3.703697,0.924469,0.018825,0.380793,-0.381025,0.010670,0.924503,0.013341,-0.999766,0.017037),fov=70.000000,dt=0.022876},
	{cf=CFrame.new(0.976349,0.818604,-3.709484,0.924434,0.020482,0.380793,-0.381043,0.009987,0.924504,0.015133,-0.999740,0.017036),fov=70.000000,dt=0.035816},
	{cf=CFrame.new(0.974670,0.819336,-3.712307,0.924415,0.021311,0.380792,-0.381051,0.009645,0.924504,0.016029,-0.999726,0.017037),fov=70.000000,dt=0.023553},
	{cf=CFrame.new(0.976105,0.818848,-3.712284,0.924415,0.021311,0.380792,-0.381051,0.009645,0.924504,0.016029,-0.999726,0.017037),fov=70.000000,dt=0.014350},
	{cf=CFrame.new(0.977539,0.818115,-3.712261,0.924415,0.021311,0.380792,-0.381051,0.009645,0.924504,0.016029,-0.999726,0.017037),fov=70.000000,dt=0.018114},
	{cf=CFrame.new(0.980743,0.816895,-3.712204,0.924415,0.021312,0.380792,-0.381051,0.009645,0.924504,0.016030,-0.999726,0.017037),fov=70.000000,dt=0.037048},
	{cf=CFrame.new(1.046600,0.789307,-3.691162,0.923253,0.049856,0.380944,-0.381317,-0.002171,0.924442,0.046916,-0.998754,0.017006),fov=70.000000,dt=0.045925},
	{cf=CFrame.new(1.241180,0.710205,-3.741573,0.924617,0.008582,0.380802,-0.380892,0.014888,0.924500,0.002265,-0.999852,0.017035),fov=70.000000,dt=0.037949},
	{cf=CFrame.new(1.264313,0.699951,-3.701775,0.924329,0.024758,0.380792,-0.381084,0.008224,0.924504,0.019758,-0.999659,0.017037),fov=70.000000,dt=0.047315},
	{cf=CFrame.new(1.283234,0.692139,-3.704861,0.924383,0.022636,0.380793,-0.381065,0.009098,0.924503,0.017462,-0.999702,0.017036),fov=70.000000,dt=0.030241},
	{cf=CFrame.new(1.293274,0.687988,-3.706810,0.924415,0.021310,0.380792,-0.381051,0.009645,0.924504,0.016029,-0.999726,0.017036),fov=70.000000,dt=0.059625},
	{cf=CFrame.new(1.281769,0.692871,-3.707016,0.924415,0.021311,0.380792,-0.381051,0.009645,0.924504,0.016029,-0.999726,0.017037),fov=70.000000,dt=0.027057},
	{cf=CFrame.new(1.276489,0.695068,-3.707111,0.924415,0.021311,0.380792,-0.381051,0.009645,0.924504,0.016029,-0.999726,0.017037),fov=70.000000,dt=0.021910},
	{cf=CFrame.new(1.272034,0.696777,-3.707203,0.924415,0.021311,0.380792,-0.381050,0.009645,0.924504,0.016030,-0.999726,0.017037),fov=70.000000,dt=0.018442},
	{cf=CFrame.new(1.266754,0.698975,-3.707275,0.924415,0.021312,0.380792,-0.381051,0.009645,0.924504,0.016030,-0.999726,0.017037),fov=70.000000,dt=0.024852},
	{cf=CFrame.new(1.262299,0.700928,-3.707363,0.924415,0.021312,0.380792,-0.381051,0.009645,0.924504,0.016030,-0.999726,0.017037),fov=70.000000,dt=0.022476},
	{cf=CFrame.new(1.024506,0.798340,-3.688229,0.924415,0.021312,0.380792,-0.381051,0.009645,0.924504,0.016030,-0.999726,0.017037),fov=70.000000,dt=0.023639},
	{cf=CFrame.new(0.718018,0.925293,-3.723675,0.923382,0.047824,0.380893,-0.381270,-0.001318,0.924463,0.044713,-0.998855,0.017017),fov=70.000000,dt=0.027795},
	{cf=CFrame.new(0.645905,0.955566,-3.747196,0.923100,0.053123,0.380873,-0.381237,-0.003501,0.924471,0.050444,-0.998582,0.017021),fov=70.000000,dt=0.021654},
	{cf=CFrame.new(0.572815,0.985107,-3.724117,0.924259,0.026609,0.380838,-0.381146,0.007450,0.924485,0.021762,-0.999618,0.017028),fov=70.000000,dt=0.019797},
	{cf=CFrame.new(0.555328,0.992432,-3.723465,0.924500,0.017140,0.380798,-0.381009,0.011364,0.924501,0.011519,-0.999789,0.017036),fov=70.000000,dt=0.027075},
	{cf=CFrame.new(0.552490,0.993652,-3.727440,0.924569,0.012970,0.380795,-0.380951,0.013083,0.924502,0.007009,-0.999830,0.017037),fov=70.000000,dt=0.017570},
	{cf=CFrame.new(0.549561,0.994873,-3.727882,0.924574,0.012553,0.380795,-0.380945,0.013255,0.924503,0.006558,-0.999833,0.017037),fov=70.000000,dt=0.026069},
	{cf=CFrame.new(0.546021,0.996338,-3.725601,0.924536,0.015055,0.380797,-0.380982,0.012223,0.924502,0.009264,-0.999812,0.017036),fov=70.000000,dt=0.036907},
	{cf=CFrame.new(0.539490,0.998779,-3.721401,0.924451,0.019643,0.380795,-0.381036,0.010333,0.924503,0.014226,-0.999754,0.017037),fov=70.000000,dt=0.033216},
	{cf=CFrame.new(0.245422,-0.138184,-10.448002,-0.195166,-0.538534,0.819690,-0.743936,0.625908,0.234090,-0.639116,-0.564110,-0.522791),fov=70.000000,dt=0.020594},
	{cf=CFrame.new(-0.291107,-1.195068,-17.157509,-0.982874,0.180542,0.036923,0.178464,0.982494,-0.053449,-0.045927,-0.045944,-0.997888),fov=70.000000,dt=0.020232},
	{cf=CFrame.new(-0.292816,-1.193604,-17.138561,-0.982874,0.180542,0.036923,0.178464,0.982494,-0.053449,-0.045927,-0.045944,-0.997888),fov=70.000000,dt=0.040752},
	{cf=CFrame.new(-0.294006,-1.192383,-17.125313,-0.982874,0.180542,0.036923,0.178464,0.982494,-0.053449,-0.045927,-0.045944,-0.997888),fov=70.000000,dt=0.033084},
	{cf=CFrame.new(-0.294830,-1.191650,-17.115852,-0.982874,0.180542,0.036923,0.178464,0.982494,-0.053449,-0.045927,-0.045944,-0.997888),fov=70.000000,dt=0.019011},
	{cf=CFrame.new(-0.295685,-1.190918,-17.106388,-0.982874,0.180542,0.036923,0.178464,0.982494,-0.053449,-0.045927,-0.045944,-0.997888),fov=70.000000,dt=0.020134},
	{cf=CFrame.new(-0.296356,-1.190186,-17.098808,-0.982874,0.180541,0.036923,0.178464,0.982494,-0.053449,-0.045927,-0.045944,-0.997888),fov=70.000000,dt=0.019283},
	{cf=CFrame.new(-0.297211,-1.189453,-17.089348,-0.982874,0.180541,0.036923,0.178464,0.982494,-0.053448,-0.045926,-0.045944,-0.997888),fov=70.000000,dt=0.019066},
	{cf=CFrame.new(-0.298065,-1.188721,-17.079857,-0.982874,0.180541,0.036923,0.178463,0.982494,-0.053448,-0.045926,-0.045944,-0.997888),fov=70.000000,dt=0.019807},
	{cf=CFrame.new(-0.298767,-1.187988,-17.072296,-0.982874,0.180541,0.036923,0.178463,0.982494,-0.053448,-0.045926,-0.045944,-0.997888),fov=70.000000,dt=0.017536},
	{cf=CFrame.new(-0.301483,-1.197510,-17.062157,-0.981935,0.185583,0.036923,0.183503,0.981565,-0.053448,-0.046161,-0.045707,-0.997888),fov=70.000000,dt=0.018054},
	{cf=CFrame.new(-0.306366,-1.219238,-17.052792,-0.979854,0.196275,0.036923,0.194191,0.979507,-0.053448,-0.046657,-0.045201,-0.997888),fov=70.000000,dt=0.018042},
	{cf=CFrame.new(-0.299377,-1.175293,-17.044392,-0.984030,0.174132,0.036922,0.172057,0.983636,-0.053447,-0.045625,-0.046241,-0.997888),fov=70.000000,dt=0.020782},
	{cf=CFrame.new(-0.300049,-1.173096,-17.034065,-0.984582,0.170985,0.036923,0.168911,0.984181,-0.053448,-0.045478,-0.046387,-0.997888),fov=70.000000,dt=0.019032},
	{cf=CFrame.new(-0.305756,-1.198242,-17.022457,-0.982874,0.180539,0.036923,0.178462,0.982494,-0.053448,-0.045926,-0.045944,-0.997888),fov=70.000000,dt=0.023732},
	{cf=CFrame.new(-0.305603,-1.191406,-17.012341,-0.982874,0.180541,0.036923,0.178463,0.982494,-0.053448,-0.045926,-0.045944,-0.997888),fov=70.000000,dt=0.020708},
	{cf=CFrame.new(-0.305450,-1.184570,-17.002220,-0.982874,0.180541,0.036923,0.178463,0.982494,-0.053448,-0.045926,-0.045944,-0.997888),fov=70.000000,dt=0.023099},
	{cf=CFrame.new(-0.306122,-1.181152,-16.989872,-0.982874,0.180541,0.036923,0.178463,0.982494,-0.053448,-0.045926,-0.045944,-0.997888),fov=70.000000,dt=0.025354},
	{cf=CFrame.new(-0.307068,-1.180176,-16.979469,-0.982874,0.180541,0.036923,0.178463,0.982494,-0.053448,-0.045926,-0.045944,-0.997888),fov=70.000000,dt=0.042977},
	{cf=CFrame.new(-0.309082,-1.178223,-16.956604,-0.982874,0.180541,0.036923,0.178463,0.982494,-0.053448,-0.045926,-0.045944,-0.997888),fov=70.000000,dt=0.022328},
	{cf=CFrame.new(-0.310028,-1.177490,-16.946213,-0.982874,0.180541,0.036923,0.178463,0.982494,-0.053448,-0.045926,-0.045944,-0.997888),fov=70.000000,dt=0.018325},
	{cf=CFrame.new(-0.310760,-1.176758,-16.937878,-0.982874,0.180541,0.036923,0.178463,0.982494,-0.053448,-0.045926,-0.045944,-0.997888),fov=70.000000,dt=0.016368},
	{cf=CFrame.new(-0.311707,-1.175781,-16.927486,-0.982874,0.180541,0.036923,0.178463,0.982494,-0.053448,-0.045926,-0.045944,-0.997888),fov=70.000000,dt=0.021720},
	{cf=CFrame.new(-0.323303,-1.231934,-16.912334,-0.987819,0.151163,0.036923,0.149098,0.987377,-0.053448,-0.044536,-0.047292,-0.997888),fov=70.000000,dt=0.024025},
	{cf=CFrame.new(-0.314392,-1.177490,-16.904457,-0.982787,0.181016,0.036922,0.178938,0.982408,-0.053446,-0.045947,-0.045919,-0.997888),fov=70.000000,dt=0.020648},
	{cf=CFrame.new(-0.310211,-1.149902,-16.897396,-0.979791,0.196587,0.036923,0.194503,0.979445,-0.053448,-0.046671,-0.045186,-0.997888),fov=70.000000,dt=0.016808},
	{cf=CFrame.new(-0.314972,-1.171143,-16.888042,-0.981585,0.187426,0.036923,0.185345,0.981219,-0.053448,-0.046247,-0.045620,-0.997888),fov=70.000000,dt=0.020605},
	{cf=CFrame.new(-0.318542,-1.184570,-16.876972,-0.982874,0.180541,0.036923,0.178463,0.982494,-0.053448,-0.045926,-0.045944,-0.997888),fov=70.000000,dt=0.022067},
	{cf=CFrame.new(-0.318604,-1.179199,-16.866802,-0.982874,0.180541,0.036923,0.178463,0.982494,-0.053448,-0.045926,-0.045944,-0.997888),fov=70.000000,dt=0.019829},
	{cf=CFrame.new(-0.318695,-1.173584,-16.856625,-0.982874,0.180541,0.036923,0.178463,0.982494,-0.053448,-0.045926,-0.045944,-0.997888),fov=70.000000,dt=0.018106},
	{cf=CFrame.new(-0.318939,-1.169189,-16.846394,-0.982874,0.180541,0.036923,0.178463,0.982494,-0.053448,-0.045926,-0.045944,-0.997888),fov=70.000000,dt=0.021605},
	{cf=CFrame.new(-0.319702,-1.168457,-16.838085,-0.982874,0.180541,0.036923,0.178463,0.982494,-0.053448,-0.045926,-0.045944,-0.997888),fov=70.000000,dt=0.029790},
	{cf=CFrame.new(-0.321350,-1.166748,-16.819374,-0.982874,0.180541,0.036923,0.178463,0.982494,-0.053448,-0.045926,-0.045944,-0.997888),fov=70.000000,dt=0.024695},
	{cf=CFrame.new(-0.322296,-1.166016,-16.808971,-0.982874,0.180541,0.036923,0.178463,0.982494,-0.053448,-0.045926,-0.045944,-0.997888),fov=70.000000,dt=0.018485},
	{cf=CFrame.new(-0.323029,-1.165283,-16.800663,-0.982874,0.180541,0.036923,0.178463,0.982494,-0.053448,-0.045926,-0.045944,-0.997888),fov=70.000000,dt=0.015205},
	{cf=CFrame.new(-0.323792,-1.164551,-16.792347,-0.982874,0.180541,0.036923,0.178463,0.982494,-0.053448,-0.045926,-0.045944,-0.997888),fov=70.000000,dt=0.025119},
	{cf=CFrame.new(-0.324890,-1.163574,-16.779869,-0.982874,0.180541,0.036923,0.178463,0.982494,-0.053448,-0.045926,-0.045944,-0.997888),fov=70.000000,dt=0.024629},
	{cf=CFrame.new(-0.326019,-1.162598,-16.767399,-0.982874,0.180541,0.036923,0.178463,0.982494,-0.053448,-0.045926,-0.045944,-0.997888),fov=70.000000,dt=0.020598},
	{cf=CFrame.new(-0.326752,-1.161865,-16.759090,-0.982874,0.180541,0.036923,0.178463,0.982494,-0.053448,-0.045926,-0.045944,-0.997888),fov=70.000000,dt=0.015769},
	{cf=CFrame.new(-0.327484,-1.161133,-16.750782,-0.982874,0.180541,0.036923,0.178463,0.982494,-0.053448,-0.045926,-0.045944,-0.997888),fov=70.000000,dt=0.016694},
	{cf=CFrame.new(-0.328217,-1.160400,-16.742447,-0.982874,0.180541,0.036923,0.178463,0.982494,-0.053448,-0.045926,-0.045944,-0.997888),fov=70.000000,dt=0.017153},
	{cf=CFrame.new(-0.340210,-1.217773,-16.729328,-0.979436,0.198346,0.036923,0.196262,0.979094,-0.053448,-0.046752,-0.045103,-0.997888),fov=70.000000,dt=0.019481},
	{cf=CFrame.new(-0.334991,-1.185547,-16.722488,-0.982711,0.181425,0.036922,0.179347,0.982333,-0.053447,-0.045967,-0.045901,-0.997888),fov=70.000000,dt=0.018785},
	{cf=CFrame.new(-0.330200,-1.154541,-16.713497,-0.985362,0.166429,0.036923,0.164357,0.984952,-0.053448,-0.045263,-0.046597,-0.997888),fov=70.000000,dt=0.022653},
	{cf=CFrame.new(-0.332367,-1.160400,-16.702812,-0.983606,0.176509,0.036923,0.174433,0.983217,-0.053448,-0.045737,-0.046131,-0.997888),fov=70.000000,dt=0.016949},
	{cf=CFrame.new(-0.333466,-1.161621,-16.694386,-0.982874,0.180541,0.036923,0.178463,0.982494,-0.053448,-0.045926,-0.045944,-0.997888),fov=70.000000,dt=0.016700},
	{cf=CFrame.new(-0.333954,-1.159424,-16.686142,-0.982874,0.180541,0.036923,0.178463,0.982494,-0.053448,-0.045926,-0.045944,-0.997888),fov=70.000000,dt=0.016098},
	{cf=CFrame.new(-0.334412,-1.157227,-16.677895,-0.982874,0.180541,0.036923,0.178463,0.982494,-0.053448,-0.045926,-0.045944,-0.997888),fov=70.000000,dt=0.020010},
	{cf=CFrame.new(-0.336548,-1.152588,-16.649490,-0.982874,0.180541,0.036923,0.178463,0.982494,-0.053448,-0.045926,-0.045944,-0.997888),fov=70.000000,dt=0.074605},
	{cf=CFrame.new(-0.339905,-1.149414,-16.612057,-0.982874,0.180541,0.036923,0.178463,0.982494,-0.053448,-0.045926,-0.045944,-0.997888),fov=70.000000,dt=0.035481},
	{cf=CFrame.new(-0.341339,-1.148193,-16.596027,-0.982874,0.180541,0.036923,0.178463,0.982494,-0.053448,-0.045926,-0.045944,-0.997888),fov=70.000000,dt=0.020853},
	{cf=CFrame.new(-0.342529,-1.146973,-16.582657,-0.982874,0.180541,0.036923,0.178463,0.982494,-0.053448,-0.045926,-0.045944,-0.997888),fov=70.000000,dt=0.018400},
	{cf=CFrame.new(-0.343506,-1.146240,-16.571968,-0.982874,0.180541,0.036923,0.178463,0.982494,-0.053448,-0.045926,-0.045944,-0.997888),fov=70.000000,dt=0.018845},
	{cf=CFrame.new(-0.344696,-1.145020,-16.558594,-0.982874,0.180541,0.036923,0.178463,0.982494,-0.053448,-0.045926,-0.045944,-0.997888),fov=70.000000,dt=0.023999},
	{cf=CFrame.new(-0.345886,-1.143799,-16.545235,-0.982874,0.180541,0.036923,0.178463,0.982494,-0.053448,-0.045926,-0.045944,-0.997888),fov=70.000000,dt=0.020068},
	{cf=CFrame.new(-0.347321,-1.142578,-16.529194,-0.982874,0.180541,0.036923,0.178463,0.982494,-0.053448,-0.045926,-0.045944,-0.997888),fov=70.000000,dt=0.020649},
	{cf=CFrame.new(-0.348297,-1.141602,-16.518505,-0.982874,0.180541,0.036923,0.178463,0.982494,-0.053448,-0.045926,-0.045944,-0.997888),fov=70.000000,dt=0.017342},
	{cf=CFrame.new(-0.349457,-1.140625,-16.505142,-0.982874,0.180541,0.036923,0.178463,0.982494,-0.053448,-0.045926,-0.045944,-0.997888),fov=70.000000,dt=0.025910},
	{cf=CFrame.new(-0.350922,-1.139160,-16.489117,-0.982874,0.180541,0.036923,0.178463,0.982494,-0.053448,-0.045926,-0.045944,-0.997888),fov=70.000000,dt=0.022019},
	{cf=CFrame.new(-0.352112,-1.138184,-16.475746,-0.982874,0.180541,0.036923,0.178463,0.982494,-0.053448,-0.045926,-0.045944,-0.997888),fov=70.000000,dt=0.023388},
	{cf=CFrame.new(-0.353546,-1.136719,-16.459702,-0.982874,0.180541,0.036923,0.178463,0.982494,-0.053448,-0.045926,-0.045944,-0.997888),fov=70.000000,dt=0.023286},
	{cf=CFrame.new(-0.354950,-1.135498,-16.443672,-0.982874,0.180541,0.036923,0.178463,0.982494,-0.053448,-0.045926,-0.045944,-0.997888),fov=70.000000,dt=0.028585},
	{cf=CFrame.new(-0.599304,-1.939453,-6.827736,-0.999270,-0.024905,0.028978,-0.033580,0.934248,-0.355039,-0.018230,-0.355752,-0.934402),fov=70.000000,dt=0.023084},
	{cf=CFrame.new(-0.599335,-1.939209,-6.827202,-0.999256,-0.025456,0.028978,-0.034095,0.934230,-0.355038,-0.018034,-0.355762,-0.934403),fov=70.000000,dt=0.022219},
	{cf=CFrame.new(-0.599335,-1.939209,-6.826641,-0.999242,-0.026007,0.028978,-0.034611,0.934211,-0.355038,-0.017838,-0.355772,-0.934403),fov=70.000000,dt=0.023018},
	{cf=CFrame.new(-0.599335,-1.938965,-6.826279,-0.999232,-0.026375,0.028978,-0.034954,0.934198,-0.355038,-0.017707,-0.355778,-0.934403),fov=70.000000,dt=0.019554},
	{cf=CFrame.new(-0.599396,-1.938721,-6.825821,-0.999220,-0.026834,0.028978,-0.035384,0.934182,-0.355038,-0.017543,-0.355787,-0.934403),fov=70.000000,dt=0.016267},
	{cf=CFrame.new(-0.599396,-1.938721,-6.825459,-0.999210,-0.027201,0.028978,-0.035727,0.934169,-0.355038,-0.017412,-0.355793,-0.934403),fov=70.000000,dt=0.017042},
	{cf=CFrame.new(-0.599396,-1.938477,-6.825100,-0.999200,-0.027569,0.028978,-0.036071,0.934156,-0.355038,-0.017282,-0.355799,-0.934403),fov=70.000000,dt=0.017850},
	{cf=CFrame.new(-0.599426,-1.938232,-6.824642,-0.999187,-0.028028,0.028978,-0.036500,0.934139,-0.355038,-0.017118,-0.355807,-0.934403),fov=70.000000,dt=0.022099},
	{cf=CFrame.new(-0.599426,-1.938232,-6.824177,-0.999174,-0.028488,0.028978,-0.036930,0.934122,-0.355038,-0.016954,-0.355815,-0.934403),fov=70.000000,dt=0.024589},
	{cf=CFrame.new(-0.599457,-1.937988,-6.823719,-0.999161,-0.028947,0.028978,-0.037359,0.934105,-0.355038,-0.016791,-0.355823,-0.934403),fov=70.000000,dt=0.017964},
	{cf=CFrame.new(-0.599457,-1.937744,-6.823273,-0.999147,-0.029406,0.028978,-0.037788,0.934088,-0.355038,-0.016627,-0.355831,-0.934403),fov=70.000000,dt=0.019385},
	{cf=CFrame.new(-0.599457,-1.937744,-6.822800,-0.999134,-0.029866,0.028978,-0.038218,0.934070,-0.355038,-0.016464,-0.355838,-0.934403),fov=70.000000,dt=0.024862},
	{cf=CFrame.new(-0.599487,-1.937500,-6.822262,-0.999117,-0.030417,0.028978,-0.038733,0.934049,-0.355038,-0.016267,-0.355847,-0.934403),fov=70.000000,dt=0.025219},
	{cf=CFrame.new(-0.599518,-1.937256,-6.821720,-0.999100,-0.030968,0.028978,-0.039248,0.934028,-0.355038,-0.016071,-0.355856,-0.934403),fov=70.000000,dt=0.024240},
	{cf=CFrame.new(-0.599518,-1.937012,-6.821171,-0.999083,-0.031519,0.028978,-0.039764,0.934006,-0.355038,-0.015875,-0.355865,-0.934403),fov=70.000000,dt=0.021653},
	{cf=CFrame.new(-0.599548,-1.936768,-6.820713,-0.999307,-0.023344,0.028977,-0.032121,0.934302,-0.355032,-0.018785,-0.355717,-0.934405),fov=70.000000,dt=0.023182},
	{cf=CFrame.new(-0.599548,-1.936523,-6.820160,-0.999578,0.002081,0.028978,-0.008347,0.934815,-0.355038,-0.027828,-0.355130,-0.934403),fov=70.000000,dt=0.024521},
	{cf=CFrame.new(-0.599335,-1.940674,-6.818081,-0.999175,-0.028440,0.028976,-0.036885,0.934130,-0.355022,-0.016970,-0.355798,-0.934409),fov=70.000000,dt=0.019739},
	{cf=CFrame.new(-0.599274,-1.941895,-6.817089,-0.998578,-0.044739,0.028978,-0.052121,0.933398,-0.355038,-0.011164,-0.356043,-0.934403),fov=70.000000,dt=0.021736},
	{cf=CFrame.new(-0.599487,-1.938232,-6.817841,-0.998838,-0.038520,0.028977,-0.046308,0.933704,-0.355037,-0.013380,-0.355966,-0.934403),fov=70.000000,dt=0.024244},
	{cf=CFrame.new(-0.599609,-1.935791,-6.818161,-0.998983,-0.034550,0.028978,-0.042597,0.933881,-0.355038,-0.014795,-0.355911,-0.934403),fov=70.000000,dt=0.025615},
	{cf=CFrame.new(-0.599640,-1.935791,-6.817688,-0.998967,-0.035010,0.028978,-0.043027,0.933861,-0.355038,-0.014631,-0.355918,-0.934403),fov=70.000000,dt=0.017570},
	{cf=CFrame.new(-0.599640,-1.935547,-6.817326,-0.998954,-0.035377,0.028978,-0.043370,0.933845,-0.355038,-0.014500,-0.355923,-0.934403),fov=70.000000,dt=0.021193},
	{cf=CFrame.new(-0.599640,-1.935303,-6.816879,-0.998937,-0.035836,0.028978,-0.043799,0.933825,-0.355038,-0.014337,-0.355930,-0.934403),fov=70.000000,dt=0.015824},
	{cf=CFrame.new(-0.599670,-1.935303,-6.816422,-0.998921,-0.036296,0.028978,-0.044229,0.933805,-0.355038,-0.014173,-0.355936,-0.934403),fov=70.000000,dt=0.023318},
	{cf=CFrame.new(-0.599670,-1.935059,-6.815887,-0.998901,-0.036847,0.028978,-0.044744,0.933781,-0.355038,-0.013977,-0.355944,-0.934403),fov=70.000000,dt=0.023732},
	{cf=CFrame.new(-0.599701,-1.934814,-6.815414,-0.998884,-0.037306,0.028978,-0.045173,0.933760,-0.355038,-0.013813,-0.355950,-0.934403),fov=70.000000,dt=0.020458},
	{cf=CFrame.new(-0.599701,-1.934570,-6.815067,-0.998870,-0.037673,0.028978,-0.045517,0.933743,-0.355038,-0.013682,-0.355955,-0.934403),fov=70.000000,dt=0.019523},
	{cf=CFrame.new(-0.599731,-1.934570,-6.814491,-0.998849,-0.038224,0.028978,-0.046032,0.933718,-0.355037,-0.013486,-0.355963,-0.934403),fov=70.000000,dt=0.028947},
	{cf=CFrame.new(-0.599731,-1.934326,-6.813957,-0.998828,-0.038775,0.028978,-0.046547,0.933692,-0.355038,-0.013289,-0.355970,-0.934403),fov=70.000000,dt=0.023313},
	{cf=CFrame.new(-0.599762,-1.934082,-6.813328,-0.998803,-0.039418,0.028978,-0.047148,0.933662,-0.355038,-0.013060,-0.355979,-0.934403),fov=70.000000,dt=0.025175},
	{cf=CFrame.new(-0.599762,-1.933838,-6.812862,-0.998784,-0.039877,0.028978,-0.047577,0.933641,-0.355038,-0.012897,-0.355985,-0.934403),fov=70.000000,dt=0.020969},
	{cf=CFrame.new(-0.599792,-1.933594,-6.812302,-0.998762,-0.040428,0.028977,-0.048092,0.933614,-0.355038,-0.012700,-0.355992,-0.934403),fov=70.000000,dt=0.027841},
	{cf=CFrame.new(-0.599823,-1.933350,-6.811657,-0.998736,-0.041071,0.028977,-0.048693,0.933583,-0.355038,-0.012471,-0.356000,-0.934403),fov=70.000000,dt=0.030740},
	{cf=CFrame.new(-0.599823,-1.933105,-6.811035,-0.998709,-0.041714,0.028978,-0.049294,0.933551,-0.355038,-0.012242,-0.356008,-0.934403),fov=70.000000,dt=0.028942},
	{cf=CFrame.new(-0.599854,-1.932861,-6.810390,-0.998682,-0.042357,0.028978,-0.049895,0.933519,-0.355038,-0.012013,-0.356016,-0.934403),fov=70.000000,dt=0.026974},
	{cf=CFrame.new(-0.599854,-1.932617,-6.809856,-0.998659,-0.042908,0.028978,-0.050410,0.933492,-0.355038,-0.011817,-0.356022,-0.934403),fov=70.000000,dt=0.021983},
	{cf=CFrame.new(-0.599884,-1.932617,-6.809395,-0.998639,-0.043367,0.028978,-0.050839,0.933469,-0.355038,-0.011653,-0.356028,-0.934403),fov=70.000000,dt=0.019352},
	{cf=CFrame.new(-0.598022,-1.972412,-6.793575,-0.999294,-0.023907,0.028977,-0.032647,0.934283,-0.355034,-0.018585,-0.355730,-0.934404),fov=70.000000,dt=0.024440},
	{cf=CFrame.new(-0.599182,-1.947754,-6.802380,-0.998678,-0.042461,0.028976,-0.049991,0.933521,-0.355020,-0.011975,-0.355999,-0.934410),fov=70.000000,dt=0.024354},
	{cf=CFrame.new(-0.600403,-1.922119,-6.811398,-0.997811,-0.059441,0.028977,-0.065862,0.932530,-0.355035,-0.005918,-0.356167,-0.934404),fov=70.000000,dt=0.025354},
	{cf=CFrame.new(-0.599487,-1.941406,-6.803162,-0.998528,-0.045840,0.028978,-0.053150,0.933340,-0.355038,-0.010771,-0.356056,-0.934403),fov=70.000000,dt=0.026996},
	{cf=CFrame.new(-0.599701,-1.937012,-6.804150,-0.998500,-0.046464,0.028978,-0.053734,0.933306,-0.355038,-0.010549,-0.356063,-0.934403),fov=70.000000,dt=0.027461},
	{cf=CFrame.new(-0.599915,-1.932617,-6.805153,-0.998470,-0.047088,0.028978,-0.054317,0.933272,-0.355038,-0.010326,-0.356069,-0.934403),fov=70.000000,dt=0.025687},
	{cf=CFrame.new(-0.600006,-1.930908,-6.805077,-0.998441,-0.047712,0.028978,-0.054901,0.933238,-0.355038,-0.010103,-0.356075,-0.934403),fov=70.000000,dt=0.036368},
	{cf=CFrame.new(-0.600037,-1.930420,-6.804153,-0.998395,-0.048649,0.028978,-0.055776,0.933187,-0.355038,-0.009769,-0.356085,-0.934403),fov=70.000000,dt=0.030235},
	{cf=CFrame.new(-0.600067,-1.930176,-6.803318,-0.998355,-0.049481,0.028978,-0.056554,0.933140,-0.355038,-0.009472,-0.356093,-0.934403),fov=70.000000,dt=0.025301},
	{cf=CFrame.new(-0.600067,-1.930176,-6.802902,-0.998334,-0.049897,0.028978,-0.056943,0.933116,-0.355038,-0.009324,-0.356097,-0.934403),fov=70.000000,dt=0.021888},
	{cf=CFrame.new(-0.600098,-1.929688,-6.802170,-0.998297,-0.050626,0.028977,-0.057624,0.933074,-0.355038,-0.009064,-0.356103,-0.934403),fov=70.000000,dt=0.021456},
	{cf=CFrame.new(-0.600128,-1.929443,-6.801563,-0.998265,-0.051250,0.028977,-0.058207,0.933038,-0.355038,-0.008841,-0.356109,-0.934403),fov=70.000000,dt=0.029460},
	{cf=CFrame.new(-0.600159,-1.929199,-6.800831,-0.998228,-0.051978,0.028978,-0.058888,0.932995,-0.355038,-0.008582,-0.356115,-0.934403),fov=70.000000,dt=0.030550},
	{cf=CFrame.new(-0.600189,-1.928955,-6.800098,-0.998190,-0.052706,0.028978,-0.059568,0.932952,-0.355038,-0.008322,-0.356122,-0.934403),fov=70.000000,dt=0.034299},
	{cf=CFrame.new(-0.600189,-1.928711,-6.799175,-0.998140,-0.053642,0.028978,-0.060443,0.932896,-0.355038,-0.007988,-0.356129,-0.934403),fov=70.000000,dt=0.031871},
	{cf=CFrame.new(-0.599701,-1.937500,-6.794823,-0.997433,-0.065482,0.028976,-0.071507,0.932117,-0.355028,-0.003761,-0.356189,-0.934407),fov=70.000000,dt=0.032975},
	{cf=CFrame.new(-0.600739,-1.919922,-6.800632,-0.997946,-0.057135,0.028974,-0.063706,0.932690,-0.355008,-0.006740,-0.356125,-0.934414),fov=70.000000,dt=0.031752},
	{cf=CFrame.new(-0.601135,-1.913086,-6.802437,-0.998607,-0.044104,0.028977,-0.051528,0.933432,-0.355034,-0.011390,-0.356032,-0.934404),fov=70.000000,dt=0.034773},
	{cf=CFrame.new(-0.600037,-1.931885,-6.794235,-0.997961,-0.056867,0.028977,-0.063457,0.932696,-0.355038,-0.006837,-0.356153,-0.934403),fov=70.000000,dt=0.029663},
	{cf=CFrame.new(-0.600189,-1.928955,-6.794521,-0.997919,-0.057595,0.028978,-0.064137,0.932649,-0.355038,-0.006577,-0.356158,-0.934403),fov=70.000000,dt=0.026633},
	{cf=CFrame.new(-0.600342,-1.926758,-6.794411,-0.997871,-0.058427,0.028978,-0.064915,0.932595,-0.355038,-0.006281,-0.356164,-0.934403),fov=70.000000,dt=0.036642},
	{cf=CFrame.new(-0.600372,-1.926514,-6.793579,-0.997822,-0.059259,0.028977,-0.065692,0.932541,-0.355038,-0.005984,-0.356169,-0.934403),fov=70.000000,dt=0.041518},
	{cf=CFrame.new(-0.600403,-1.925781,-6.791935,-0.997722,-0.060923,0.028977,-0.067247,0.932430,-0.355038,-0.005390,-0.356177,-0.934403),fov=70.000000,dt=0.077046},
	{cf=CFrame.new(-0.600464,-1.925537,-6.790798,-0.997651,-0.062067,0.028977,-0.068316,0.932353,-0.355037,-0.004981,-0.356183,-0.934403),fov=70.000000,dt=0.033404},
	{cf=CFrame.new(-0.600494,-1.925049,-6.789963,-0.997599,-0.062898,0.028977,-0.069094,0.932295,-0.355037,-0.004684,-0.356187,-0.934403),fov=70.000000,dt=0.027250},
	{cf=CFrame.new(-0.600494,-1.925049,-6.789459,-0.997566,-0.063418,0.028977,-0.069580,0.932259,-0.355037,-0.004499,-0.356189,-0.934403),fov=70.000000,dt=0.019126},
	{cf=CFrame.new(-0.600525,-1.924805,-6.788837,-0.997526,-0.064042,0.028977,-0.070163,0.932216,-0.355037,-0.004276,-0.356192,-0.934403),fov=70.000000,dt=0.029715},
	{cf=CFrame.new(-0.600525,-1.924316,-6.788006,-0.997473,-0.064874,0.028977,-0.070940,0.932157,-0.355037,-0.003979,-0.356195,-0.934403),fov=70.000000,dt=0.034183},
	{cf=CFrame.new(-0.600555,-1.924072,-6.787067,-0.997411,-0.065809,0.028977,-0.071814,0.932090,-0.355037,-0.003645,-0.356199,-0.934403),fov=70.000000,dt=0.045157},
	{cf=CFrame.new(-0.600616,-1.923584,-6.786034,-0.997342,-0.066849,0.028977,-0.072786,0.932014,-0.355037,-0.003273,-0.356203,-0.934403),fov=70.000000,dt=0.034379},
	{cf=CFrame.new(-0.600647,-1.923340,-6.785099,-0.997279,-0.067784,0.028977,-0.073660,0.931946,-0.355037,-0.002939,-0.356206,-0.934403),fov=70.000000,dt=0.034339},
	{cf=CFrame.new(-0.600647,-1.923096,-6.784389,-0.997229,-0.068512,0.028977,-0.074340,0.931892,-0.355037,-0.002679,-0.356208,-0.934403),fov=70.000000,dt=0.040508},
	{cf=CFrame.new(-0.600677,-1.922607,-6.783257,-0.997150,-0.069655,0.028977,-0.075408,0.931806,-0.355038,-0.002271,-0.356211,-0.934403),fov=70.000000,dt=0.034699},
	{cf=CFrame.new(-0.600708,-1.922363,-6.782738,-0.997114,-0.070175,0.028977,-0.075894,0.931766,-0.355038,-0.002085,-0.356212,-0.934403),fov=70.000000,dt=0.021765},
	{cf=CFrame.new(-0.600739,-1.922119,-6.782005,-0.997062,-0.070902,0.028977,-0.076573,0.931710,-0.355038,-0.001826,-0.356214,-0.934403),fov=70.000000,dt=0.024879},
	{cf=CFrame.new(-0.600739,-1.921875,-6.781487,-0.997025,-0.071422,0.028977,-0.077059,0.931670,-0.355038,-0.001640,-0.356215,-0.934402),fov=70.000000,dt=0.025413},
	{cf=CFrame.new(-0.597931,-1.958740,-6.766708,-0.998680,-0.042417,0.028975,-0.049950,0.933525,-0.355015,-0.011990,-0.355993,-0.934412),fov=70.000000,dt=0.030644},
	{cf=CFrame.new(-0.602020,-1.906006,-6.785965,-0.995598,-0.089137,0.028977,-0.093611,0.930153,-0.355037,0.004694,-0.356187,-0.934403),fov=70.000000,dt=0.024626},
	{cf=CFrame.new(-0.600861,-1.920410,-6.779739,-0.996372,-0.080014,0.028977,-0.085087,0.930972,-0.355037,0.001431,-0.356214,-0.934403),fov=70.000000,dt=0.027588},
	{cf=CFrame.new(-0.600220,-1.928711,-6.775795,-0.996828,-0.074123,0.028977,-0.079583,0.931458,-0.355039,-0.000675,-0.356219,-0.934402),fov=70.000000,dt=0.024623},
	{cf=CFrame.new(-0.600555,-1.924561,-6.776569,-0.996774,-0.074850,0.028977,-0.080263,0.931400,-0.355038,-0.000415,-0.356219,-0.934402),fov=70.000000,dt=0.036146},
	{cf=CFrame.new(-0.600861,-1.920166,-6.777035,-0.996695,-0.075889,0.028977,-0.081233,0.931316,-0.355038,-0.000044,-0.356219,-0.934403),fov=70.000000,dt=0.040971},
	{cf=CFrame.new(-0.600922,-1.919922,-6.776005,-0.996615,-0.076928,0.028977,-0.082204,0.931231,-0.355037,0.000328,-0.356217,-0.934403),fov=70.000000,dt=0.053065},
	{cf=CFrame.new(-0.600952,-1.919434,-6.774776,-0.996518,-0.078175,0.028977,-0.083369,0.931128,-0.355036,0.000773,-0.356216,-0.934403),fov=70.000000,dt=0.043217},
	{cf=CFrame.new(-0.600983,-1.918945,-6.773422,-0.996412,-0.079525,0.028977,-0.084630,0.931015,-0.355035,0.001256,-0.356213,-0.934404),fov=70.000000,dt=0.047978},
	{cf=CFrame.new(-0.601013,-1.918701,-6.772690,-0.996353,-0.080252,0.028977,-0.085310,0.930953,-0.355034,0.001516,-0.356211,-0.934404),fov=70.000000,dt=0.027307},
	{cf=CFrame.new(-0.601044,-1.918213,-6.771751,-0.996278,-0.081187,0.028977,-0.086183,0.930873,-0.355033,0.001850,-0.356209,-0.934404),fov=70.000000,dt=0.032161},
	{cf=CFrame.new(-0.601074,-1.917969,-6.771137,-0.996227,-0.081810,0.028977,-0.086765,0.930819,-0.355033,0.002073,-0.356208,-0.934405),fov=70.000000,dt=0.029902},
	{cf=CFrame.new(-0.601105,-1.917725,-6.770214,-0.996149,-0.082744,0.028977,-0.087638,0.930737,-0.355033,0.002407,-0.356205,-0.934405),fov=70.000000,dt=0.032554},
	{cf=CFrame.new(-0.601135,-1.917236,-6.769279,-0.996071,-0.083679,0.028977,-0.088511,0.930655,-0.355032,0.002741,-0.356202,-0.934405),fov=70.000000,dt=0.046640},
	{cf=CFrame.new(-0.601166,-1.916748,-6.768044,-0.995966,-0.084925,0.028976,-0.089675,0.930543,-0.355031,0.003187,-0.356197,-0.934405),fov=70.000000,dt=0.055746},
	{cf=CFrame.new(-0.601196,-1.916260,-6.766800,-0.995859,-0.086170,0.028976,-0.090839,0.930431,-0.355031,0.003633,-0.356193,-0.934406),fov=70.000000,dt=0.039613},
	{cf=CFrame.new(-0.601227,-1.916016,-6.765854,-0.995778,-0.087104,0.028976,-0.091712,0.930345,-0.355030,0.003967,-0.356189,-0.934406),fov=70.000000,dt=0.040383},
	{cf=CFrame.new(-0.601257,-1.915527,-6.764935,-0.995696,-0.088038,0.028976,-0.092585,0.930259,-0.355030,0.004301,-0.356184,-0.934406),fov=70.000000,dt=0.054229},
	{cf=CFrame.new(-0.601318,-1.915039,-6.763493,-0.995566,-0.089491,0.028976,-0.093942,0.930123,-0.355029,0.004821,-0.356177,-0.934406),fov=70.000000,dt=0.046027},
	{cf=CFrame.new(-0.601349,-1.914551,-6.762241,-0.995453,-0.090737,0.028976,-0.095105,0.930005,-0.355029,0.005266,-0.356171,-0.934406),fov=70.000000,dt=0.064561},
	{cf=CFrame.new(-0.601379,-1.914062,-6.760696,-0.995310,-0.092293,0.028976,-0.096559,0.929855,-0.355029,0.005823,-0.356162,-0.934406),fov=70.000000,dt=0.040741},
	{cf=CFrame.new(-0.601440,-1.913574,-6.759460,-0.995194,-0.093538,0.028976,-0.097722,0.929734,-0.355029,0.006269,-0.356154,-0.934406),fov=70.000000,dt=0.067724},
	{cf=CFrame.new(-0.601471,-1.913086,-6.757893,-0.995047,-0.095094,0.028976,-0.099176,0.929580,-0.355029,0.006825,-0.356144,-0.934406),fov=70.000000,dt=0.055819},
	{cf=CFrame.new(-0.601501,-1.912598,-6.756752,-0.994937,-0.096234,0.028976,-0.100241,0.929465,-0.355029,0.007234,-0.356136,-0.934406),fov=70.000000,dt=0.032044},
	{cf=CFrame.new(-0.601532,-1.912354,-6.756138,-0.994876,-0.096857,0.028976,-0.100823,0.929403,-0.355029,0.007456,-0.356131,-0.934406),fov=70.000000,dt=0.032652},
	{cf=CFrame.new(-0.601562,-1.911865,-6.755318,-0.994795,-0.097686,0.028976,-0.101598,0.929318,-0.355029,0.007753,-0.356125,-0.934406),fov=70.000000,dt=0.032251},
	{cf=CFrame.new(-0.601562,-1.911621,-6.754494,-0.994714,-0.098516,0.028976,-0.102372,0.929233,-0.355029,0.008050,-0.356119,-0.934406),fov=70.000000,dt=0.026052},
	{cf=CFrame.new(-0.601624,-1.911377,-6.753880,-0.994652,-0.099138,0.028976,-0.102954,0.929169,-0.355030,0.008273,-0.356114,-0.934406),fov=70.000000,dt=0.028276},
	{cf=CFrame.new(-0.601593,-1.911133,-6.753139,-0.994579,-0.099863,0.028976,-0.103631,0.929093,-0.355030,0.008533,-0.356108,-0.934406),fov=70.000000,dt=0.023635},
	{cf=CFrame.new(-0.601654,-1.910889,-6.752510,-0.994516,-0.100485,0.028976,-0.104213,0.929028,-0.355030,0.008756,-0.356103,-0.934406),fov=70.000000,dt=0.036194},
	{cf=CFrame.new(-0.601685,-1.910400,-6.751286,-0.994390,-0.101729,0.028976,-0.105374,0.928897,-0.355030,0.009201,-0.356092,-0.934406),fov=70.000000,dt=0.056218},
	{cf=CFrame.new(-0.601715,-1.909912,-6.750149,-0.994273,-0.102869,0.028976,-0.106439,0.928775,-0.355031,0.009609,-0.356082,-0.934405),fov=70.000000,dt=0.033882},
	{cf=CFrame.new(-0.601715,-1.909668,-6.749210,-0.994176,-0.103802,0.028976,-0.107311,0.928675,-0.355031,0.009943,-0.356073,-0.934405),fov=70.000000,dt=0.043179},
	{cf=CFrame.new(-0.601776,-1.909424,-6.748264,-0.994078,-0.104734,0.028976,-0.108182,0.928574,-0.355032,0.010277,-0.356064,-0.934405),fov=70.000000,dt=0.032612},
	{cf=CFrame.new(-0.601807,-1.908936,-6.747242,-0.993968,-0.105770,0.028976,-0.109150,0.928460,-0.355033,0.010648,-0.356054,-0.934405),fov=70.000000,dt=0.037916},
	{cf=CFrame.new(-0.601807,-1.908691,-6.746620,-0.993902,-0.106392,0.028977,-0.109730,0.928392,-0.355033,0.010871,-0.356048,-0.934405),fov=70.000000,dt=0.030042},
	{cf=CFrame.new(-0.601837,-1.908447,-6.745903,-0.993824,-0.107117,0.028977,-0.110408,0.928311,-0.355034,0.011131,-0.356040,-0.934404),fov=70.000000,dt=0.036167},
	{cf=CFrame.new(-0.601868,-1.907959,-6.744865,-0.993712,-0.108153,0.028977,-0.111375,0.928195,-0.355034,0.011502,-0.356029,-0.934404),fov=70.000000,dt=0.045114},
	{cf=CFrame.new(-0.601929,-1.907471,-6.743729,-0.993587,-0.109292,0.028977,-0.112439,0.928066,-0.355036,0.011910,-0.356017,-0.934404),fov=70.000000,dt=0.044184},
	{cf=CFrame.new(-0.601929,-1.907227,-6.742809,-0.993484,-0.110224,0.028977,-0.113310,0.927960,-0.355036,0.012244,-0.356006,-0.934403),fov=70.000000,dt=0.031059},
	{cf=CFrame.new(-0.601959,-1.906982,-6.741974,-0.993392,-0.111053,0.028977,-0.114084,0.927865,-0.355037,0.012541,-0.355997,-0.934403),fov=70.000000,dt=0.031639},
	{cf=CFrame.new(-0.602020,-1.906494,-6.741154,-0.993299,-0.111881,0.028977,-0.114857,0.927769,-0.355038,0.012838,-0.355987,-0.934403),fov=70.000000,dt=0.032725},
	{cf=CFrame.new(-0.602020,-1.906250,-6.740318,-0.993205,-0.112709,0.028977,-0.115631,0.927673,-0.355039,0.013135,-0.355977,-0.934402),fov=70.000000,dt=0.030957},
	{cf=CFrame.new(8.924591,-1.707520,-5.513851,-0.297790,0.102966,0.949062,-0.042944,0.991715,-0.121068,-0.953665,-0.076809,-0.290901),fov=70.000000,dt=0.032412},
	{cf=CFrame.new(8.931366,-1.706055,-5.509167,-0.295848,0.103004,0.949665,-0.042662,0.991752,-0.120860,-0.954282,-0.076270,-0.289013),fov=70.000000,dt=0.034469},
	{cf=CFrame.new(8.925507,-1.705322,-5.507397,-0.295848,0.103004,0.949665,-0.042662,0.991752,-0.120860,-0.954282,-0.076270,-0.289013),fov=70.000000,dt=0.037527},
	{cf=CFrame.new(8.917999,-1.704346,-5.505116,-0.295848,0.103004,0.949665,-0.042662,0.991752,-0.120860,-0.954282,-0.076270,-0.289013),fov=70.000000,dt=0.035456},
	{cf=CFrame.new(8.911316,-1.703613,-5.503078,-0.295848,0.103004,0.949665,-0.042662,0.991752,-0.120860,-0.954282,-0.076270,-0.289013),fov=70.000000,dt=0.030954},
	{cf=CFrame.new(8.904663,-1.702881,-5.501038,-0.295848,0.103004,0.949665,-0.042662,0.991752,-0.120860,-0.954282,-0.076270,-0.289013),fov=70.000000,dt=0.038327},
	{cf=CFrame.new(8.897156,-1.701904,-5.498760,-0.295848,0.103004,0.949665,-0.042662,0.991752,-0.120860,-0.954282,-0.076270,-0.289013),fov=70.000000,dt=0.032324},
	{cf=CFrame.new(8.890442,-1.700928,-5.496723,-0.295848,0.103004,0.949665,-0.042662,0.991752,-0.120860,-0.954282,-0.076270,-0.289013),fov=70.000000,dt=0.037247},
	{cf=CFrame.new(8.877930,-1.699463,-5.492908,-0.295848,0.103004,0.949665,-0.042662,0.991752,-0.120860,-0.954282,-0.076270,-0.289013),fov=70.000000,dt=0.065333},
	{cf=CFrame.new(8.869598,-1.698242,-5.490364,-0.295848,0.103004,0.949665,-0.042662,0.991752,-0.120860,-0.954282,-0.076270,-0.289013),fov=70.000000,dt=0.075141},
	{cf=CFrame.new(8.856232,-1.696533,-5.486298,-0.295848,0.103004,0.949665,-0.042662,0.991752,-0.120860,-0.954282,-0.076270,-0.289013),fov=70.000000,dt=0.057582},
	{cf=CFrame.new(8.842865,-1.694824,-5.482235,-0.295848,0.103004,0.949665,-0.042662,0.991752,-0.120860,-0.954282,-0.076270,-0.289013),fov=70.000000,dt=0.058321},
	{cf=CFrame.new(8.832855,-1.693604,-5.479183,-0.295848,0.103004,0.949665,-0.042662,0.991752,-0.120860,-0.954282,-0.076270,-0.289013),fov=70.000000,dt=0.037558},
	{cf=CFrame.new(8.826172,-1.692871,-5.477158,-0.295848,0.103004,0.949665,-0.042662,0.991752,-0.120860,-0.954282,-0.076270,-0.289013),fov=70.000000,dt=0.039842},
	{cf=CFrame.new(8.818665,-1.691895,-5.474880,-0.295848,0.103004,0.949665,-0.042662,0.991752,-0.120860,-0.954282,-0.076270,-0.289013),fov=70.000000,dt=0.030280},
	{cf=CFrame.new(8.811981,-1.690918,-5.472824,-0.295848,0.103004,0.949665,-0.042662,0.991752,-0.120860,-0.954282,-0.076270,-0.289013),fov=70.000000,dt=0.032056},
	{cf=CFrame.new(8.806122,-1.690186,-5.471054,-0.295848,0.103004,0.949665,-0.042662,0.991752,-0.120860,-0.954282,-0.076270,-0.289013),fov=70.000000,dt=0.030574},
	{cf=CFrame.new(8.799469,-1.689453,-5.469028,-0.295848,0.103004,0.949665,-0.042662,0.991752,-0.120860,-0.954282,-0.076270,-0.289013),fov=70.000000,dt=0.055539},
	{cf=CFrame.new(8.786926,-1.687744,-5.465218,-0.295848,0.103004,0.949665,-0.042662,0.991752,-0.120860,-0.954282,-0.076270,-0.289013),fov=70.000000,dt=0.050654},
	{cf=CFrame.new(8.776917,-1.686523,-5.462177,-0.295848,0.103004,0.949665,-0.042662,0.991752,-0.120860,-0.954282,-0.076270,-0.289013),fov=70.000000,dt=0.047911},
	{cf=CFrame.new(8.767761,-1.685303,-5.459377,-0.295848,0.103004,0.949665,-0.042662,0.991752,-0.120860,-0.954282,-0.076270,-0.289013),fov=70.000000,dt=0.047878},
	{cf=CFrame.new(8.758545,-1.684082,-5.456566,-0.295848,0.103004,0.949665,-0.042662,0.991752,-0.120860,-0.954282,-0.076270,-0.289013),fov=70.000000,dt=0.043574},
	{cf=CFrame.new(8.751038,-1.683105,-5.454288,-0.295848,0.103004,0.949665,-0.042662,0.991752,-0.120860,-0.954282,-0.076270,-0.289013),fov=70.000000,dt=0.029651},
	{cf=CFrame.new(8.745209,-1.682373,-5.452503,-0.295848,0.103004,0.949665,-0.042662,0.991752,-0.120860,-0.954282,-0.076270,-0.289013),fov=70.000000,dt=0.023545},
	{cf=CFrame.new(8.740204,-1.681885,-5.450981,-0.295848,0.103004,0.949665,-0.042662,0.991753,-0.120860,-0.954282,-0.076270,-0.289013),fov=70.000000,dt=0.028878},
	{cf=CFrame.new(8.735199,-1.681152,-5.449463,-0.295848,0.103004,0.949665,-0.042662,0.991752,-0.120860,-0.954282,-0.076270,-0.289013),fov=70.000000,dt=0.029021},
	{cf=CFrame.new(8.728516,-1.680420,-5.447426,-0.295848,0.103004,0.949665,-0.042662,0.991752,-0.120860,-0.954282,-0.076270,-0.289013),fov=70.000000,dt=0.029356},
	{cf=CFrame.new(8.722656,-1.679688,-5.445652,-0.295848,0.103004,0.949665,-0.042662,0.991752,-0.120860,-0.954282,-0.076270,-0.289013),fov=70.000000,dt=0.031530},
	{cf=CFrame.new(8.713470,-1.678467,-5.442852,-0.295848,0.103004,0.949665,-0.042662,0.991752,-0.120860,-0.954282,-0.076270,-0.289013),fov=70.000000,dt=0.052128},
	{cf=CFrame.new(8.705963,-1.677490,-5.440575,-0.295848,0.103004,0.949665,-0.042662,0.991752,-0.120860,-0.954282,-0.076270,-0.289013),fov=70.000000,dt=0.038600},
	{cf=CFrame.new(8.696808,-1.676270,-5.437775,-0.295848,0.103004,0.949665,-0.042662,0.991752,-0.120860,-0.954282,-0.076270,-0.289013),fov=70.000000,dt=0.040932},
	{cf=CFrame.new(8.689270,-1.675293,-5.435497,-0.295848,0.103004,0.949665,-0.042662,0.991752,-0.120860,-0.954282,-0.076270,-0.289013),fov=70.000000,dt=0.036727},
	{cf=CFrame.new(8.681763,-1.674316,-5.433205,-0.295848,0.103004,0.949665,-0.042662,0.991752,-0.120860,-0.954282,-0.076270,-0.289013),fov=70.000000,dt=0.038215},
	{cf=CFrame.new(8.675079,-1.673584,-5.431168,-0.295848,0.103004,0.949665,-0.042662,0.991752,-0.120860,-0.954282,-0.076270,-0.289013),fov=70.000000,dt=0.032996},
	{cf=CFrame.new(8.667572,-1.672607,-5.428886,-0.295848,0.103004,0.949665,-0.042662,0.991752,-0.120860,-0.954282,-0.076270,-0.289013),fov=70.000000,dt=0.031030},
	{cf=CFrame.new(8.661713,-1.671875,-5.427101,-0.295848,0.103004,0.949665,-0.042662,0.991752,-0.120860,-0.954282,-0.076270,-0.289013),fov=70.000000,dt=0.028316},
	{cf=CFrame.new(8.656738,-1.671143,-5.425579,-0.295848,0.103004,0.949665,-0.042662,0.991752,-0.120860,-0.954282,-0.076270,-0.289013),fov=70.000000,dt=0.030335},
	{cf=CFrame.new(8.650879,-1.670410,-5.423809,-0.295848,0.103004,0.949665,-0.042662,0.991752,-0.120860,-0.954282,-0.076270,-0.289013),fov=70.000000,dt=0.027307},
	{cf=CFrame.new(8.645050,-1.669678,-5.422024,-0.295848,0.103004,0.949665,-0.042662,0.991752,-0.120860,-0.954282,-0.076270,-0.289013),fov=70.000000,dt=0.031294},
	{cf=CFrame.new(8.639191,-1.668945,-5.420250,-0.295848,0.103004,0.949665,-0.042662,0.991752,-0.120860,-0.954282,-0.076270,-0.289013),fov=70.000000,dt=0.027912},
	{cf=CFrame.new(8.632538,-1.668213,-5.418209,-0.295848,0.103004,0.949665,-0.042662,0.991752,-0.120860,-0.954282,-0.076270,-0.289013),fov=70.000000,dt=0.026893},
	{cf=CFrame.new(8.628357,-1.667725,-5.416946,-0.295848,0.103004,0.949665,-0.042662,0.991752,-0.120860,-0.954282,-0.076270,-0.289013),fov=70.000000,dt=0.044670},
	{cf=CFrame.new(8.618317,-1.666260,-5.413895,-0.295848,0.103004,0.949665,-0.042662,0.991752,-0.120860,-0.954282,-0.076270,-0.289013),fov=70.000000,dt=0.026027},
	{cf=CFrame.new(8.613312,-1.665771,-5.412373,-0.295848,0.103004,0.949665,-0.042662,0.991752,-0.120860,-0.954282,-0.076270,-0.289013),fov=70.000000,dt=0.024401},
	{cf=CFrame.new(8.608307,-1.665039,-5.410843,-0.295848,0.103004,0.949665,-0.042662,0.991752,-0.120860,-0.954282,-0.076270,-0.289013),fov=70.000000,dt=0.022408},
	{cf=CFrame.new(8.604980,-1.664551,-5.409813,-0.295848,0.103004,0.949665,-0.042662,0.991753,-0.120860,-0.954282,-0.076270,-0.289013),fov=70.000000,dt=0.021242},
	{cf=CFrame.new(8.597473,-1.663574,-5.407536,-0.295848,0.103004,0.949665,-0.042662,0.991752,-0.120860,-0.954282,-0.076270,-0.289013),fov=70.000000,dt=0.036856},
	{cf=CFrame.new(8.593292,-1.663086,-5.406258,-0.295848,0.103004,0.949665,-0.042662,0.991752,-0.120860,-0.954282,-0.076270,-0.289013),fov=70.000000,dt=0.018893},
	{cf=CFrame.new(8.587433,-1.662354,-5.404484,-0.295848,0.103004,0.949665,-0.042662,0.991752,-0.120860,-0.954282,-0.076270,-0.289013),fov=70.000000,dt=0.029880},
	{cf=CFrame.new(8.581573,-1.661621,-5.402699,-0.295848,0.103004,0.949665,-0.042662,0.991752,-0.120860,-0.954282,-0.076270,-0.289013),fov=70.000000,dt=0.033171},
	{cf=CFrame.new(8.575745,-1.660889,-5.400928,-0.295848,0.103004,0.949665,-0.042662,0.991752,-0.120860,-0.954282,-0.076270,-0.289013),fov=70.000000,dt=0.025786},
	{cf=CFrame.new(8.570740,-1.660156,-5.399406,-0.295848,0.103004,0.949665,-0.042662,0.991752,-0.120860,-0.954282,-0.076270,-0.289013),fov=70.000000,dt=0.025428},
	{cf=CFrame.new(8.565735,-1.659668,-5.397884,-0.295848,0.103004,0.949665,-0.042662,0.991752,-0.120860,-0.954282,-0.076270,-0.289013),fov=70.000000,dt=0.027899},
	{cf=CFrame.new(8.559906,-1.658936,-5.396099,-0.295848,0.103004,0.949665,-0.042662,0.991752,-0.120860,-0.954282,-0.076270,-0.289013),fov=70.000000,dt=0.026972},
	{cf=CFrame.new(0.417847,-1.164795,-5.050312,-0.999874,-0.015888,0.000625,-0.015274,0.948888,-0.315242,0.004416,-0.315212,-0.949011),fov=70.000000,dt=0.031163},
	{cf=CFrame.new(-2.328430,-0.997070,-4.868401,-0.909955,-0.112919,-0.399038,0.047337,0.927645,-0.370450,0.411997,-0.355983,-0.838770),fov=70.000000,dt=0.028678},
	{cf=CFrame.new(-2.328430,-0.997070,-4.868401,-0.909955,-0.112919,-0.399038,0.047337,0.927645,-0.370450,0.411997,-0.355983,-0.838770),fov=70.000000,dt=0.023149},
	{cf=CFrame.new(-2.328430,-0.997070,-4.868401,-0.909955,-0.112919,-0.399038,0.047337,0.927645,-0.370450,0.411997,-0.355983,-0.838770),fov=70.000000,dt=0.027204},
	{cf=CFrame.new(-2.328430,-0.997070,-4.868401,-0.909955,-0.112919,-0.399038,0.047337,0.927645,-0.370450,0.411997,-0.355983,-0.838770),fov=70.000000,dt=0.024350},
	{cf=CFrame.new(-2.328430,-0.997070,-4.868401,-0.909955,-0.112919,-0.399038,0.047337,0.927645,-0.370450,0.411997,-0.355983,-0.838770),fov=70.000000,dt=0.036423},
	{cf=CFrame.new(-2.328430,-0.997070,-4.868401,-0.909955,-0.112919,-0.399038,0.047337,0.927645,-0.370450,0.411997,-0.355983,-0.838770),fov=70.000000,dt=0.025964},
	{cf=CFrame.new(-2.328430,-0.997070,-4.868401,-0.909955,-0.112919,-0.399038,0.047337,0.927645,-0.370450,0.411997,-0.355983,-0.838770),fov=70.000000,dt=0.019081},
	{cf=CFrame.new(-2.328430,-0.997070,-4.868401,-0.909955,-0.112919,-0.399038,0.047337,0.927645,-0.370450,0.411997,-0.355983,-0.838770),fov=70.000000,dt=0.016609},
	{cf=CFrame.new(-2.328430,-0.997070,-4.868401,-0.909955,-0.112919,-0.399038,0.047337,0.927645,-0.370450,0.411997,-0.355983,-0.838770),fov=70.000000,dt=0.030219},
	{cf=CFrame.new(-2.328430,-0.997070,-4.868401,-0.909955,-0.112919,-0.399038,0.047337,0.927645,-0.370450,0.411997,-0.355983,-0.838770),fov=70.000000,dt=0.021792},
	{cf=CFrame.new(-2.328430,-0.997070,-4.868401,-0.909955,-0.112919,-0.399038,0.047337,0.927645,-0.370450,0.411997,-0.355983,-0.838770),fov=70.000000,dt=0.031598},
	{cf=CFrame.new(-2.328430,-0.997070,-4.868401,-0.909955,-0.112919,-0.399038,0.047337,0.927645,-0.370450,0.411997,-0.355983,-0.838770),fov=70.000000,dt=0.026002},
	{cf=CFrame.new(-2.328430,-0.997070,-4.868401,-0.909955,-0.112919,-0.399038,0.047337,0.927645,-0.370450,0.411997,-0.355983,-0.838770),fov=70.000000,dt=0.022709},
	{cf=CFrame.new(-2.328430,-0.997070,-4.868401,-0.909955,-0.112919,-0.399038,0.047337,0.927645,-0.370450,0.411997,-0.355983,-0.838770),fov=70.000000,dt=0.024173},
	{cf=CFrame.new(-2.328430,-0.997070,-4.868401,-0.909955,-0.112919,-0.399038,0.047337,0.927645,-0.370450,0.411997,-0.355983,-0.838770),fov=70.000000,dt=0.025327},
	{cf=CFrame.new(-2.328430,-0.997070,-4.868401,-0.909955,-0.112919,-0.399038,0.047337,0.927645,-0.370450,0.411997,-0.355983,-0.838770),fov=70.000000,dt=0.025539},
	{cf=CFrame.new(-2.328430,-0.997070,-4.868401,-0.909955,-0.112919,-0.399038,0.047337,0.927645,-0.370450,0.411997,-0.355983,-0.838770),fov=70.000000,dt=0.024301},
	{cf=CFrame.new(-2.328430,-0.997070,-4.868401,-0.909955,-0.112919,-0.399038,0.047337,0.927645,-0.370450,0.411997,-0.355983,-0.838770),fov=70.000000,dt=0.019575},
	{cf=CFrame.new(-2.328430,-0.997070,-4.868401,-0.909955,-0.112919,-0.399038,0.047337,0.927645,-0.370450,0.411997,-0.355983,-0.838770),fov=70.000000,dt=0.019759},
	{cf=CFrame.new(-2.328430,-0.997070,-4.868401,-0.909955,-0.112919,-0.399038,0.047337,0.927645,-0.370450,0.411997,-0.355983,-0.838770),fov=70.000000,dt=0.028672},
	{cf=CFrame.new(-2.328430,-0.997070,-4.868401,-0.909955,-0.112919,-0.399038,0.047337,0.927645,-0.370450,0.411997,-0.355983,-0.838770),fov=70.000000,dt=0.023480},
	{cf=CFrame.new(-2.328430,-0.997070,-4.868401,-0.909955,-0.112919,-0.399038,0.047337,0.927645,-0.370450,0.411997,-0.355983,-0.838770),fov=70.000000,dt=0.021648},
	{cf=CFrame.new(-2.328430,-0.997070,-4.868401,-0.909955,-0.112919,-0.399038,0.047337,0.927645,-0.370450,0.411997,-0.355983,-0.838770),fov=70.000000,dt=0.019631},
	{cf=CFrame.new(-2.328430,-0.997070,-4.868401,-0.909955,-0.112919,-0.399038,0.047337,0.927645,-0.370450,0.411997,-0.355983,-0.838770),fov=70.000000,dt=0.038906},
	{cf=CFrame.new(-2.328430,-0.997070,-4.868401,-0.909955,-0.112919,-0.399038,0.047337,0.927645,-0.370450,0.411997,-0.355983,-0.838770),fov=70.000000,dt=0.022341},
	{cf=CFrame.new(-2.328430,-0.997070,-4.868401,-0.909955,-0.112919,-0.399038,0.047337,0.927645,-0.370450,0.411997,-0.355983,-0.838770),fov=70.000000,dt=0.030874},
	{cf=CFrame.new(-2.328430,-0.997070,-4.868401,-0.909955,-0.112919,-0.399038,0.047337,0.927645,-0.370450,0.411997,-0.355983,-0.838770),fov=70.000000,dt=0.022250},
	{cf=CFrame.new(-2.328430,-0.997070,-4.868401,-0.909955,-0.112919,-0.399038,0.047337,0.927645,-0.370450,0.411997,-0.355983,-0.838770),fov=70.000000,dt=0.021315},
	{cf=CFrame.new(-2.328430,-0.997070,-4.868401,-0.909955,-0.112919,-0.399038,0.047337,0.927645,-0.370450,0.411997,-0.355983,-0.838770),fov=70.000000,dt=0.019454},
	{cf=CFrame.new(-2.328430,-0.997070,-4.868401,-0.909955,-0.112919,-0.399038,0.047337,0.927645,-0.370450,0.411997,-0.355983,-0.838770),fov=70.000000,dt=0.025979},
	{cf=CFrame.new(-2.328430,-0.997070,-4.868401,-0.909955,-0.112919,-0.399038,0.047337,0.927645,-0.370450,0.411997,-0.355983,-0.838770),fov=70.000000,dt=0.023256},
	{cf=CFrame.new(-2.328430,-0.997070,-4.868401,-0.909955,-0.112919,-0.399038,0.047337,0.927645,-0.370450,0.411997,-0.355983,-0.838770),fov=70.000000,dt=0.020633},
	{cf=CFrame.new(-2.328430,-0.997070,-4.868401,-0.909955,-0.112919,-0.399038,0.047337,0.927645,-0.370450,0.411997,-0.355983,-0.838770),fov=70.000000,dt=0.021038},
	{cf=CFrame.new(-2.328430,-0.997070,-4.868401,-0.909955,-0.112919,-0.399038,0.047337,0.927645,-0.370450,0.411997,-0.355983,-0.838770),fov=70.000000,dt=0.027070},
	{cf=CFrame.new(-2.328430,-0.997070,-4.868401,-0.909955,-0.112919,-0.399038,0.047337,0.927645,-0.370450,0.411997,-0.355983,-0.838770),fov=70.000000,dt=0.019987},
	{cf=CFrame.new(-2.328430,-0.997070,-4.868401,-0.909955,-0.112919,-0.399038,0.047337,0.927645,-0.370450,0.411997,-0.355983,-0.838770),fov=70.000000,dt=0.020948},
	{cf=CFrame.new(-2.328430,-0.997070,-4.868401,-0.909955,-0.112919,-0.399038,0.047337,0.927645,-0.370450,0.411997,-0.355983,-0.838770),fov=70.000000,dt=0.025699},
	{cf=CFrame.new(-2.328430,-0.997070,-4.868401,-0.909955,-0.112919,-0.399038,0.047337,0.927645,-0.370450,0.411997,-0.355982,-0.838770),fov=70.000000,dt=0.025381},
	{cf=CFrame.new(-2.328430,-0.997070,-4.868401,-0.909955,-0.112919,-0.399038,0.047337,0.927645,-0.370450,0.411997,-0.355983,-0.838770),fov=70.000000,dt=0.018558},
	{cf=CFrame.new(-2.328430,-0.997070,-4.868401,-0.909955,-0.112919,-0.399038,0.047337,0.927645,-0.370450,0.411997,-0.355983,-0.838770),fov=70.000000,dt=0.024009},
	{cf=CFrame.new(-2.328430,-0.997070,-4.868401,-0.909955,-0.112919,-0.399038,0.047337,0.927645,-0.370450,0.411997,-0.355983,-0.838770),fov=70.000000,dt=0.018065},
	{cf=CFrame.new(-2.328430,-0.997070,-4.868401,-0.909955,-0.112919,-0.399038,0.047337,0.927645,-0.370450,0.411997,-0.355983,-0.838770),fov=70.000000,dt=0.018011},
	{cf=CFrame.new(-2.328430,-0.997070,-4.868401,-0.909955,-0.112919,-0.399038,0.047337,0.927645,-0.370450,0.411997,-0.355983,-0.838770),fov=70.000000,dt=0.018385},
	{cf=CFrame.new(-2.328430,-0.997070,-4.868401,-0.909955,-0.112919,-0.399038,0.047337,0.927645,-0.370450,0.411997,-0.355983,-0.838770),fov=70.000000,dt=0.029457},
	{cf=CFrame.new(-2.328430,-0.997070,-4.868401,-0.909955,-0.112919,-0.399038,0.047337,0.927645,-0.370450,0.411997,-0.355983,-0.838770),fov=70.000000,dt=0.022041},
	{cf=CFrame.new(-2.328430,-0.997070,-4.868401,-0.909955,-0.112919,-0.399038,0.047337,0.927645,-0.370450,0.411997,-0.355983,-0.838770),fov=70.000000,dt=0.016503},
	{cf=CFrame.new(-2.328430,-0.997070,-4.868401,-0.909955,-0.112919,-0.399038,0.047337,0.927645,-0.370450,0.411997,-0.355983,-0.838770),fov=70.000000,dt=0.017767},
	{cf=CFrame.new(-2.328430,-0.997070,-4.868401,-0.909955,-0.112919,-0.399038,0.047337,0.927645,-0.370450,0.411997,-0.355983,-0.838770),fov=70.000000,dt=0.024645},
	{cf=CFrame.new(-2.328430,-0.997070,-4.868401,-0.909955,-0.112919,-0.399038,0.047337,0.927645,-0.370450,0.411997,-0.355983,-0.838770),fov=70.000000,dt=0.021677},
	{cf=CFrame.new(-2.328430,-0.997070,-4.868401,-0.909955,-0.112919,-0.399038,0.047337,0.927645,-0.370450,0.411997,-0.355983,-0.838770),fov=70.000000,dt=0.023766},
	{cf=CFrame.new(-2.328430,-0.997070,-4.868401,-0.909955,-0.112919,-0.399038,0.047337,0.927645,-0.370450,0.411997,-0.355983,-0.838770),fov=70.000000,dt=0.025130},
	{cf=CFrame.new(-2.328430,-0.997070,-4.868401,-0.909955,-0.112919,-0.399038,0.047337,0.927645,-0.370450,0.411997,-0.355983,-0.838770),fov=70.000000,dt=0.018000},
	{cf=CFrame.new(-2.328430,-0.997070,-4.868401,-0.909955,-0.112919,-0.399038,0.047337,0.927645,-0.370450,0.411997,-0.355983,-0.838770),fov=70.000000,dt=0.020682},
	{cf=CFrame.new(-2.328430,-0.997070,-4.868401,-0.909955,-0.112919,-0.399038,0.047337,0.927645,-0.370450,0.411997,-0.355983,-0.838770),fov=70.000000,dt=0.021591},
	{cf=CFrame.new(-2.328430,-0.997070,-4.868401,-0.909955,-0.112919,-0.399038,0.047337,0.927645,-0.370450,0.411997,-0.355983,-0.838770),fov=70.000000,dt=0.020507},
	{cf=CFrame.new(-2.328430,-0.997070,-4.868401,-0.909955,-0.112919,-0.399038,0.047337,0.927645,-0.370450,0.411997,-0.355982,-0.838770),fov=70.000000,dt=0.021337},
	{cf=CFrame.new(-2.328430,-0.997070,-4.868401,-0.909955,-0.112919,-0.399038,0.047337,0.927645,-0.370450,0.411997,-0.355983,-0.838770),fov=70.000000,dt=0.020836},
	{cf=CFrame.new(-0.730652,-2.236572,-7.689980,-0.999985,0.003777,0.004091,0.002083,0.935184,-0.354157,-0.005164,-0.354143,-0.935177),fov=70.000000,dt=0.020545},
	{cf=CFrame.new(-0.909302,-2.387939,-7.636860,-0.997013,-0.077103,0.004515,-0.073703,0.932327,-0.354025,0.023087,-0.353300,-0.935225),fov=70.000000,dt=0.019479},
	{cf=CFrame.new(-1.017578,-2.478271,-7.603210,-0.992079,-0.125533,0.004521,-0.118987,0.927593,-0.354137,0.040262,-0.351870,-0.935183),fov=70.000000,dt=0.015952},
	{cf=CFrame.new(-1.160797,-2.324707,-7.662090,-0.999147,-0.041058,0.004514,-0.039997,0.934416,-0.353932,0.010314,-0.353810,-0.935260),fov=70.000000,dt=0.016093},
	{cf=CFrame.new(-1.303986,-2.170898,-7.721020,-0.999028,0.043851,0.004522,0.039409,0.934363,-0.354136,-0.019754,-0.353613,-0.935183),fov=70.000000,dt=0.016777},
	{cf=CFrame.new(-1.457733,-2.342529,-7.656761,-0.999982,0.003895,0.004522,0.002041,0.935192,-0.354136,-0.005608,-0.354121,-0.935183),fov=70.000000,dt=0.019418},
	{cf=CFrame.new(-1.503143,-2.365967,-7.648087,-0.999982,0.003895,0.004522,0.002041,0.935192,-0.354136,-0.005608,-0.354121,-0.935183),fov=70.000000,dt=0.019726},
	{cf=CFrame.new(-1.548431,-2.356689,-7.651844,-0.999982,0.003895,0.004522,0.002041,0.935192,-0.354136,-0.005608,-0.354121,-0.935183),fov=70.000000,dt=0.024751},
	{cf=CFrame.new(-1.593628,-2.325439,-7.663902,-0.999982,0.003895,0.004522,0.002041,0.935192,-0.354136,-0.005608,-0.354121,-0.935183),fov=70.000000,dt=0.026745},
	{cf=CFrame.new(-1.657043,-2.320557,-7.666019,-0.999982,0.003895,0.004522,0.002041,0.935192,-0.354136,-0.005608,-0.354121,-0.935183),fov=70.000000,dt=0.024100},
	{cf=CFrame.new(-1.700226,-2.315186,-7.668262,-0.999982,0.003895,0.004522,0.002041,0.935192,-0.354136,-0.005608,-0.354121,-0.935183),fov=70.000000,dt=0.018909},
	{cf=CFrame.new(-1.689301,-2.304932,-7.672066,-0.999982,0.003895,0.004522,0.002041,0.935192,-0.354136,-0.005608,-0.354121,-0.935183),fov=70.000000,dt=0.022660},
	{cf=CFrame.new(-1.676208,-2.292725,-7.676617,-0.999982,0.003895,0.004522,0.002041,0.935192,-0.354136,-0.005608,-0.354121,-0.935183),fov=70.000000,dt=0.027681},
	{cf=CFrame.new(-1.665314,-2.282715,-7.680393,-0.999982,0.003895,0.004522,0.002041,0.935192,-0.354136,-0.005608,-0.354121,-0.935183),fov=70.000000,dt=0.018829},
	{cf=CFrame.new(-1.656586,-2.274658,-7.683414,-0.999982,0.003895,0.004522,0.002041,0.935192,-0.354136,-0.005608,-0.354121,-0.935183),fov=70.000000,dt=0.020102},
	{cf=CFrame.new(-1.643494,-2.262451,-7.687969,-0.999982,0.003895,0.004522,0.002041,0.935192,-0.354136,-0.005608,-0.354121,-0.935183),fov=70.000000,dt=0.021515},
	{cf=CFrame.new(-1.605377,-2.249512,-7.692673,-0.999982,0.003895,0.004522,0.002041,0.935192,-0.354136,-0.005608,-0.354121,-0.935183),fov=70.000000,dt=0.019338},
	{cf=CFrame.new(-1.560425,-2.235840,-7.697639,-0.999982,0.003895,0.004522,0.002041,0.935192,-0.354136,-0.005608,-0.354121,-0.935183),fov=70.000000,dt=0.021639},
	{cf=CFrame.new(-1.524445,-2.224854,-7.701584,-0.999982,0.003895,0.004522,0.002041,0.935192,-0.354136,-0.005608,-0.354121,-0.935183),fov=70.000000,dt=0.028086},
	{cf=CFrame.new(-1.452515,-2.203125,-7.709484,-0.999982,0.003895,0.004522,0.002041,0.935192,-0.354136,-0.005608,-0.354120,-0.935183),fov=70.000000,dt=0.021365},
	{cf=CFrame.new(-1.411224,-2.237061,-7.696465,-0.999492,0.031544,0.004522,0.027901,0.934802,-0.354071,-0.015396,-0.353765,-0.935208),fov=70.000000,dt=0.017583},
	{cf=CFrame.new(-1.338959,-2.297119,-7.673340,-0.996686,0.081222,0.004525,0.074365,0.932269,-0.354041,-0.032974,-0.352531,-0.935219),fov=70.000000,dt=0.021051},
	{cf=CFrame.new(-1.265686,-2.130615,-7.736019,-0.999986,-0.002639,0.004521,-0.004069,0.935206,-0.354080,-0.003293,-0.354094,-0.935204),fov=70.000000,dt=0.020083},
	{cf=CFrame.new(-1.193604,-2.234131,-7.696518,-0.999982,0.003879,0.004521,0.002026,0.935192,-0.354136,-0.005602,-0.354121,-0.935183),fov=70.000000,dt=0.022915},
	{cf=CFrame.new(-1.148682,-2.228760,-7.698341,-0.999982,0.003895,0.004522,0.002041,0.935192,-0.354136,-0.005608,-0.354121,-0.935183),fov=70.000000,dt=0.022851},
	{cf=CFrame.new(-1.103760,-2.223389,-7.700161,-0.999982,0.003895,0.004522,0.002041,0.935192,-0.354136,-0.005608,-0.354121,-0.935183),fov=70.000000,dt=0.017916},
	{cf=CFrame.new(-1.058929,-2.248047,-7.690575,-0.999982,0.003895,0.004522,0.002041,0.935192,-0.354136,-0.005608,-0.354121,-0.935183),fov=70.000000,dt=0.019587},
	{cf=CFrame.new(-1.023163,-2.283936,-7.676792,-0.999982,0.003895,0.004522,0.002041,0.935192,-0.354136,-0.005608,-0.354121,-0.935183),fov=70.000000,dt=0.018107},
	{cf=CFrame.new(-0.969604,-2.329590,-7.659298,-0.999982,0.003895,0.004522,0.002041,0.935192,-0.354136,-0.005608,-0.354121,-0.935183),fov=70.000000,dt=0.036639},
	{cf=CFrame.new(-0.881226,-2.335449,-7.656605,-0.999982,0.003895,0.004522,0.002041,0.935192,-0.354136,-0.005608,-0.354121,-0.935183),fov=70.000000,dt=0.037265},
	{cf=CFrame.new(-0.801697,-2.340820,-7.654171,-0.999982,0.003895,0.004522,0.002041,0.935192,-0.354136,-0.005608,-0.354121,-0.935183),fov=70.000000,dt=0.029456},
	{cf=CFrame.new(-0.824280,-2.366699,-7.644497,-0.999801,-0.019440,0.004520,-0.019781,0.935002,-0.354090,0.002657,-0.354109,-0.935200),fov=70.000000,dt=0.019090},
	{cf=CFrame.new(-1.462433,-2.384521,-7.640854,-0.998380,0.056724,0.004522,0.051449,0.933777,-0.354136,-0.024310,-0.353330,-0.935183),fov=70.000000,dt=0.046933},
	{cf=CFrame.new(-1.549072,-2.377197,-7.644054,-0.999982,0.003895,0.004522,0.002041,0.935192,-0.354136,-0.005608,-0.354121,-0.935183),fov=70.000000,dt=0.071852},
	{cf=CFrame.new(-1.371094,-2.341797,-7.656639,-0.999982,0.003895,0.004522,0.002041,0.935192,-0.354136,-0.005608,-0.354121,-0.935183),fov=70.000000,dt=0.077138},
	{cf=CFrame.new(-1.149200,-2.361328,-7.648094,-0.999566,0.029122,0.004522,0.025635,0.934863,-0.354082,-0.014539,-0.353812,-0.935203),fov=70.000000,dt=0.026931},
	{cf=CFrame.new(-0.825317,-2.396973,-7.633049,-0.998234,0.059229,0.004524,0.053795,0.933683,-0.354038,-0.025193,-0.353169,-0.935220),fov=70.000000,dt=0.020866},
	{cf=CFrame.new(-0.579834,-2.324219,-7.659412,-0.999985,-0.003075,0.004521,-0.004476,0.935184,-0.354134,-0.003140,-0.354149,-0.935184),fov=70.000000,dt=0.053931},
	{cf=CFrame.new(-0.476288,-2.309326,-7.664597,-0.999913,0.012426,0.004522,0.010020,0.935142,-0.354132,-0.008629,-0.354056,-0.935185),fov=70.000000,dt=0.056696},
	{cf=CFrame.new(-0.448212,-2.284424,-7.673870,-0.999770,0.020958,0.004522,0.017999,0.935022,-0.354132,-0.011650,-0.353969,-0.935185),fov=70.000000,dt=0.056210},
	{cf=CFrame.new(-0.427216,-2.254883,-7.684921,-0.999555,0.029491,0.004522,0.025980,0.934833,-0.354136,-0.014671,-0.353861,-0.935183),fov=70.000000,dt=0.025730},
	{cf=CFrame.new(-0.478241,-2.245850,-7.688614,-0.999683,0.024752,0.004522,0.021548,0.934946,-0.354136,-0.012993,-0.353926,-0.935183),fov=70.000000,dt=0.023293},
	{cf=CFrame.new(-0.529266,-2.236816,-7.692303,-0.999789,0.020013,0.004522,0.017115,0.935037,-0.354136,-0.011315,-0.353985,-0.935183),fov=70.000000,dt=0.019097},
	{cf=CFrame.new(-0.565491,-2.335205,-7.655163,-0.998127,-0.061013,0.004518,-0.058658,0.933375,-0.354076,0.017386,-0.353678,-0.935206),fov=70.000000,dt=0.015803},
	{cf=CFrame.new(-0.607635,-2.281738,-7.675636,-0.997886,-0.064839,0.004520,-0.062235,0.933130,-0.354112,0.018742,-0.353645,-0.935192),fov=70.000000,dt=0.016614},
	{cf=CFrame.new(-0.673279,-2.153809,-7.724407,-0.999809,-0.019039,0.004521,-0.019406,0.934994,-0.354132,0.002515,-0.354152,-0.935185),fov=70.000000,dt=0.023034},
	{cf=CFrame.new(-0.702759,-2.205811,-7.704887,-0.999982,0.003885,0.004521,0.002032,0.935192,-0.354136,-0.005604,-0.354121,-0.935183),fov=70.000000,dt=0.012671},
	{cf=CFrame.new(-0.752411,-2.187500,-7.712002,-0.999885,-0.014443,0.004521,-0.015108,0.935075,-0.354127,0.000887,-0.354154,-0.935187),fov=70.000000,dt=0.017430},
	{cf=CFrame.new(-0.813812,-2.183594,-7.713791,-0.999291,-0.037366,0.004521,-0.036545,0.934480,-0.354135,0.009008,-0.354049,-0.935183),fov=70.000000,dt=0.020689},
	{cf=CFrame.new(-0.861206,-2.228271,-7.697067,-0.999010,-0.044253,0.004521,-0.042985,0.934209,-0.354127,0.011448,-0.353971,-0.935186),fov=70.000000,dt=0.016037},
	{cf=CFrame.new(-0.909943,-2.235352,-7.694679,-0.999849,-0.016751,0.004521,-0.017267,0.935042,-0.354116,0.001705,-0.354141,-0.935191),fov=70.000000,dt=0.015149},
	{cf=CFrame.new(-0.785370,-2.279541,-7.677376,-0.999982,0.003895,0.004522,0.002041,0.935192,-0.354136,-0.005608,-0.354121,-0.935183),fov=70.000000,dt=0.095371},
	{cf=CFrame.new(-0.570404,-2.365967,-7.643581,-0.998990,0.044708,0.004522,0.040212,0.934335,-0.354121,-0.020057,-0.353581,-0.935189),fov=70.000000,dt=0.025222},
	{cf=CFrame.new(-0.356171,-2.344727,-7.650612,-0.999505,0.031127,0.004522,0.027510,0.934797,-0.354115,-0.015249,-0.353816,-0.935191),fov=70.000000,dt=0.017671},
	{cf=CFrame.new(-0.212616,-2.309326,-7.663284,-0.999922,0.011678,0.004522,0.009320,0.935149,-0.354131,-0.008364,-0.354061,-0.935185),fov=70.000000,dt=0.029003},
	{cf=CFrame.new(-0.305969,-2.329346,-7.656166,-0.999442,0.033090,0.004522,0.029346,0.934734,-0.354135,-0.015945,-0.353804,-0.935183),fov=70.000000,dt=0.046734},
	{cf=CFrame.new(-0.380432,-2.299805,-7.667744,-0.999836,0.017523,0.004522,0.014787,0.935080,-0.354130,-0.010433,-0.354005,-0.935186),fov=70.000000,dt=0.032835},
	{cf=CFrame.new(-0.445618,-2.273682,-7.677872,-0.999982,0.003898,0.004521,0.002044,0.935192,-0.354136,-0.005609,-0.354121,-0.935183),fov=70.000000,dt=0.049909},
	{cf=CFrame.new(-0.772949,-2.281982,-7.676376,-0.999929,0.011060,0.004521,0.008742,0.935167,-0.354100,-0.008144,-0.354035,-0.935197),fov=70.000000,dt=0.029308},
	{cf=CFrame.new(-0.977142,-2.314941,-7.664829,-0.999948,0.009111,0.004522,0.006919,0.935169,-0.354134,-0.007455,-0.354084,-0.935184),fov=70.000000,dt=0.026283},
	{cf=CFrame.new(-1.141357,-2.339600,-7.656330,-0.999982,0.003895,0.004522,0.002041,0.935192,-0.354136,-0.005608,-0.354121,-0.935183),fov=70.000000,dt=0.033142},
	{cf=CFrame.new(-1.292999,-2.353516,-7.651802,-0.999982,0.003895,0.004522,0.002041,0.935192,-0.354136,-0.005608,-0.354121,-0.935183),fov=70.000000,dt=0.041928},
	{cf=CFrame.new(-1.368805,-2.360352,-7.649551,-0.999982,0.003895,0.004522,0.002041,0.935192,-0.354136,-0.005608,-0.354120,-0.935183),fov=70.000000,dt=0.046971},
	{cf=CFrame.new(-1.436493,-2.376953,-7.643620,-0.999982,0.003895,0.004522,0.002041,0.935192,-0.354136,-0.005608,-0.354121,-0.935183),fov=70.000000,dt=0.028117},
	{cf=CFrame.new(-1.417084,-2.383789,-7.640934,-0.999982,0.003895,0.004522,0.002041,0.935192,-0.354136,-0.005608,-0.354121,-0.935183),fov=70.000000,dt=0.015942},
	{cf=CFrame.new(-1.401550,-2.389160,-7.638794,-0.999982,0.003895,0.004522,0.002041,0.935192,-0.354136,-0.005608,-0.354121,-0.935183),fov=70.000000,dt=0.016700},
	{cf=CFrame.new(-1.382141,-2.395996,-7.636112,-0.999982,0.003895,0.004522,0.002041,0.935192,-0.354136,-0.005608,-0.354121,-0.935183),fov=70.000000,dt=0.023007},
	{cf=CFrame.new(-1.358826,-2.404297,-7.632885,-0.999982,0.003895,0.004522,0.002041,0.935192,-0.354136,-0.005608,-0.354121,-0.935183),fov=70.000000,dt=0.028255},
	{cf=CFrame.new(-1.321381,-2.413574,-7.629185,-0.999982,0.003895,0.004522,0.002041,0.935192,-0.354136,-0.005608,-0.354121,-0.935183),fov=70.000000,dt=0.028080},
	{cf=CFrame.new(-1.236603,-2.420410,-7.626194,-0.999982,0.003895,0.004522,0.002041,0.935192,-0.354136,-0.005608,-0.354121,-0.935183),fov=70.000000,dt=0.021730},
	{cf=CFrame.new(-1.165924,-2.426025,-7.623718,-0.999982,0.003895,0.004522,0.002041,0.935192,-0.354136,-0.005608,-0.354121,-0.935183),fov=70.000000,dt=0.026293},
	{cf=CFrame.new(-1.066986,-2.433838,-7.620239,-0.999982,0.003895,0.004522,0.002041,0.935192,-0.354136,-0.005608,-0.354120,-0.935183),fov=70.000000,dt=0.024101},
	{cf=CFrame.new(-0.982208,-2.440674,-7.617264,-0.999982,0.003895,0.004522,0.002041,0.935192,-0.354136,-0.005608,-0.354121,-0.935183),fov=70.000000,dt=0.029234},
	{cf=CFrame.new(-0.883270,-2.448730,-7.613785,-0.999982,0.003895,0.004522,0.002041,0.935192,-0.354136,-0.005608,-0.354120,-0.935183),fov=70.000000,dt=0.026746},
	{cf=CFrame.new(-0.807861,-2.450439,-7.606350,-0.999982,0.003895,0.004522,0.002041,0.935192,-0.354136,-0.005608,-0.354121,-0.935183),fov=70.000000,dt=0.024228},
	{cf=CFrame.new(-0.751373,-2.442139,-7.590027,-0.999982,0.003895,0.004522,0.002041,0.935192,-0.354136,-0.005608,-0.354121,-0.935183),fov=70.000000,dt=0.026077},
	{cf=CFrame.new(-0.694824,-2.433594,-7.573711,-0.999982,0.003895,0.004522,0.002041,0.935192,-0.354136,-0.005608,-0.354121,-0.935183),fov=70.000000,dt=0.025488},
	{cf=CFrame.new(-0.638336,-2.425293,-7.557388,-0.999982,0.003895,0.004522,0.002041,0.935192,-0.354136,-0.005608,-0.354121,-0.935183),fov=70.000000,dt=0.024542},
	{cf=CFrame.new(-0.572388,-2.415527,-7.538342,-0.999982,0.003895,0.004522,0.002041,0.935192,-0.354136,-0.005608,-0.354121,-0.935183),fov=70.000000,dt=0.027597},
	{cf=CFrame.new(-0.515839,-2.407227,-7.522030,-0.999982,0.003895,0.004522,0.002041,0.935192,-0.354136,-0.005608,-0.354121,-0.935183),fov=70.000000,dt=0.023388},
	{cf=CFrame.new(-0.459351,-2.398926,-7.505707,-0.999982,0.003895,0.004522,0.002041,0.935192,-0.354136,-0.005608,-0.354121,-0.935183),fov=70.000000,dt=0.025241},
	{cf=CFrame.new(-0.412231,-2.392090,-7.492092,-0.999982,0.003895,0.004522,0.002041,0.935192,-0.354136,-0.005608,-0.354121,-0.935183),fov=70.000000,dt=0.021059},
	{cf=CFrame.new(-0.362122,-2.321289,-7.438202,-0.999982,0.003899,0.004518,0.002041,0.934878,-0.354964,-0.005608,-0.354949,-0.934869),fov=70.000000,dt=0.024822},
	{cf=CFrame.new(-0.324829,-2.125732,-7.309139,-0.999982,0.003911,0.004508,0.002041,0.933930,-0.357449,-0.005608,-0.357433,-0.933922),fov=70.000000,dt=0.026071},
	{cf=CFrame.new(-0.293732,-1.962646,-7.201591,-0.999982,0.003921,0.004499,0.002041,0.933136,-0.359517,-0.005608,-0.359502,-0.933128),fov=70.000000,dt=0.027270},
	{cf=CFrame.new(-0.256409,-1.767090,-7.072498,-0.999982,0.003933,0.004489,0.002041,0.932177,-0.361997,-0.005608,-0.361981,-0.932169),fov=70.000000,dt=0.017968},
	{cf=CFrame.new(-0.231537,-1.636719,-6.986458,-0.999982,0.003941,0.004482,0.002041,0.931534,-0.363649,-0.005608,-0.363633,-0.931525),fov=70.000000,dt=0.014204},
	{cf=CFrame.new(-0.200439,-1.473633,-6.878887,-0.999982,0.003951,0.004473,0.002041,0.930726,-0.365712,-0.005608,-0.365696,-0.930717),fov=70.000000,dt=0.020082},
	{cf=CFrame.new(-0.169342,-1.310547,-6.771339,-0.999982,0.003961,0.004464,0.002041,0.929913,-0.367773,-0.005608,-0.367758,-0.929905),fov=70.000000,dt=0.024238},
	{cf=CFrame.new(-0.132019,-1.114990,-6.642246,-0.999982,0.003973,0.004454,0.002041,0.928932,-0.370245,-0.005608,-0.370229,-0.928924),fov=70.000000,dt=0.023313},
	{cf=CFrame.new(-0.100922,-0.951904,-6.534683,-0.999982,0.003983,0.004445,0.002041,0.928109,-0.372302,-0.005608,-0.372286,-0.928101),fov=70.000000,dt=0.022149},
	{cf=CFrame.new(-0.076477,-0.756592,-6.349815,-0.999982,0.003991,0.004437,0.002041,0.927399,-0.374068,-0.005608,-0.374053,-0.927391),fov=70.000000,dt=0.025299},
	{cf=CFrame.new(-0.077515,-0.593994,-6.102764,-0.999982,0.003992,0.004436,0.002041,0.927276,-0.374373,-0.005608,-0.374358,-0.927267),fov=70.000000,dt=0.022735},
	{cf=CFrame.new(-0.078979,-0.366455,-5.756851,-0.999982,0.003994,0.004434,0.002041,0.927103,-0.374800,-0.005608,-0.374784,-0.927095),fov=70.000000,dt=0.030110},
	{cf=CFrame.new(-0.080048,-0.203857,-5.509754,-0.999982,0.003996,0.004433,0.002041,0.926980,-0.375105,-0.005608,-0.375089,-0.926972),fov=70.000000,dt=0.020329},
	{cf=CFrame.new(-0.081299,-0.008789,-5.213276,-0.999982,0.003998,0.004431,0.002041,0.926832,-0.375470,-0.005608,-0.375454,-0.926824),fov=70.000000,dt=0.026919},
	{cf=CFrame.new(-0.082581,0.186523,-4.916786,-0.999982,0.003999,0.004430,0.002041,0.926684,-0.375836,-0.005608,-0.375820,-0.926676),fov=70.000000,dt=0.024219},
	{cf=CFrame.new(-0.083618,0.349121,-4.669716,-0.999982,0.004001,0.004428,0.002041,0.926561,-0.376140,-0.005608,-0.376124,-0.926552),fov=70.000000,dt=0.018171},
	{cf=CFrame.new(2.839630,1.559570,1.491989,0.041471,-0.012566,0.999061,0.022518,0.999679,0.011639,-0.998886,0.022014,0.041741),fov=70.000000,dt=0.019931},
	{cf=CFrame.new(2.840424,1.436768,1.506859,0.041407,-0.012744,0.999061,0.026819,0.999573,0.011639,-0.998782,0.026312,0.041731),fov=70.000000,dt=0.021471},
	{cf=CFrame.new(2.841400,1.289551,1.524696,0.041337,-0.012957,0.999061,0.031980,0.999421,0.011639,-0.998633,0.031469,0.041727),fov=70.000000,dt=0.024505},
	{cf=CFrame.new(2.842377,1.142334,1.542542,0.041273,-0.013171,0.999061,0.037140,0.999242,0.011639,-0.998457,0.036625,0.041731),fov=70.000000,dt=0.027178},
	{cf=CFrame.new(2.843353,0.995117,1.560394,0.041216,-0.013384,0.999061,0.042299,0.999037,0.011639,-0.998255,0.041780,0.041743),fov=70.000000,dt=0.023143},
	{cf=CFrame.new(2.844116,0.897705,1.569000,0.041031,-0.013767,0.999063,0.051635,0.998598,0.011640,-0.997823,0.051109,0.041684),fov=70.000000,dt=0.017808},
	{cf=CFrame.new(2.844910,0.800537,1.577599,0.040867,-0.014149,0.999064,0.060966,0.998072,0.011641,-0.997303,0.060433,0.041650),fov=70.000000,dt=0.022046},
	{cf=CFrame.new(2.845673,0.703125,1.586220,0.040725,-0.014530,0.999065,0.070293,0.997458,0.011641,-0.996695,0.069753,0.041643),fov=70.000000,dt=0.021638},
	{cf=CFrame.new(2.846436,0.605713,1.594833,0.040605,-0.014911,0.999064,0.079613,0.996758,0.011641,-0.995999,0.079066,0.041661),fov=70.000000,dt=0.026405},
	{cf=CFrame.new(2.847351,0.488770,1.605179,0.040491,-0.015369,0.999062,0.090789,0.995802,0.011639,-0.995047,0.090233,0.041716),fov=70.000000,dt=0.021628},
	{cf=CFrame.new(2.856140,0.553467,1.377121,0.040285,-0.015855,0.999062,0.102796,0.994635,0.011640,-0.993886,0.102230,0.041699),fov=70.000000,dt=0.016850},
	{cf=CFrame.new(2.867432,0.691650,1.068451,0.040079,-0.016300,0.999064,0.113829,0.993432,0.011642,-0.992692,0.113256,0.041671),fov=70.000000,dt=0.018758},
	{cf=CFrame.new(2.881531,0.864502,0.682640,0.039865,-0.016856,0.999063,0.127603,0.991757,0.011641,-0.991024,0.127019,0.041688),fov=70.000000,dt=0.018423},
	{cf=CFrame.new(2.900208,1.062988,0.180313,0.039730,-0.017302,0.999061,0.138603,0.990280,0.011638,-0.989551,0.138010,0.041742),fov=70.000000,dt=0.027266},
	{cf=CFrame.new(2.944489,1.424072,-0.981270,0.039730,-0.017302,0.999061,0.138603,0.990280,0.011638,-0.989551,0.138010,0.041742),fov=70.000000,dt=0.020801},
	{cf=CFrame.new(2.944489,1.424072,-0.981270,0.039730,-0.017302,0.999061,0.138603,0.990280,0.011638,-0.989551,0.138010,0.041742),fov=70.000000,dt=0.034211},
	{cf=CFrame.new(93.225708,1.645996,4.245590,0.041745,-0.011628,0.999061,0.000000,0.999932,0.011638,-0.999128,-0.000486,0.041742),fov=70.000000,dt=0.027287},
	{cf=CFrame.new(93.226013,1.618652,4.168472,0.041745,-0.011628,0.999061,0.000000,0.999932,0.011638,-0.999128,-0.000486,0.041742),fov=70.000000,dt=0.021170},
	{cf=CFrame.new(93.229004,1.611816,4.035881,0.041745,-0.011628,0.999061,0.000000,0.999932,0.011638,-0.999128,-0.000486,0.041742),fov=70.000000,dt=0.019674},
	{cf=CFrame.new(93.234924,1.618896,3.850670,0.041745,-0.011628,0.999061,0.000000,0.999932,0.011638,-0.999128,-0.000486,0.041742),fov=70.000000,dt=0.020184},
	{cf=CFrame.new(93.247070,1.643311,3.572350,0.041745,-0.011628,0.999061,0.000000,0.999932,0.011638,-0.999128,-0.000486,0.041742),fov=70.000000,dt=0.019713},
	{cf=CFrame.new(93.259277,1.663086,3.295616,0.041745,-0.011628,0.999061,0.000000,0.999932,0.011638,-0.999128,-0.000486,0.041742),fov=70.000000,dt=0.021784},
	{cf=CFrame.new(93.263916,1.523193,2.676064,0.041745,-0.011628,0.999061,0.000000,0.999932,0.011638,-0.999128,-0.000486,0.041742),fov=70.000000,dt=0.022134},
	{cf=CFrame.new(93.274292,1.200684,1.833168,0.041745,-0.011628,0.999061,0.000000,0.999932,0.011638,-0.999128,-0.000486,0.041742),fov=70.000000,dt=0.032449},
	{cf=CFrame.new(93.276581,1.026367,1.565239,0.043686,-0.011627,0.998978,0.000000,0.999932,0.011638,-0.999045,-0.000508,0.043683),fov=70.000000,dt=0.025877},
	{cf=CFrame.new(93.300354,0.913086,1.268105,0.043686,-0.011627,0.998978,0.000000,0.999932,0.011638,-0.999045,-0.000508,0.043683),fov=70.000000,dt=0.025538},
	{cf=CFrame.new(93.311218,0.847900,1.098648,0.043686,-0.011627,0.998978,-0.000000,0.999932,0.011638,-0.999045,-0.000508,0.043683),fov=70.000000,dt=0.017844},
	{cf=CFrame.new(93.318207,0.777832,0.919060,0.043686,-0.011626,0.998978,-0.000000,0.999932,0.011638,-0.999045,-0.000508,0.043683),fov=70.000000,dt=0.027537},
	{cf=CFrame.new(93.318268,0.734619,0.809677,0.043686,-0.011626,0.998978,-0.000000,0.999932,0.011638,-0.999045,-0.000508,0.043683),fov=70.000000,dt=0.023832},
	{cf=CFrame.new(93.315704,0.708740,0.744461,0.043686,-0.011626,0.998978,-0.000000,0.999932,0.011638,-0.999045,-0.000508,0.043683),fov=70.000000,dt=0.020938},
	{cf=CFrame.new(93.311981,0.691162,0.696129,0.043686,-0.011626,0.998978,-0.000000,0.999932,0.011638,-0.999045,-0.000508,0.043683),fov=70.000000,dt=0.018556},
	{cf=CFrame.new(93.308197,0.682373,0.668625,0.043686,-0.011626,0.998978,-0.000000,0.999932,0.011638,-0.999045,-0.000508,0.043683),fov=70.000000,dt=0.017647},
	{cf=CFrame.new(93.302582,0.678711,0.650223,0.043686,-0.011626,0.998978,-0.000000,0.999932,0.011638,-0.999045,-0.000508,0.043683),fov=70.000000,dt=0.024652},
	{cf=CFrame.new(93.297974,0.670654,0.642029,0.043686,-0.011626,0.998978,-0.000000,0.999932,0.011638,-0.999045,-0.000508,0.043683),fov=70.000000,dt=0.024989},
	{cf=CFrame.new(93.295166,0.661621,0.642914,0.043686,-0.011626,0.998978,-0.000000,0.999932,0.011638,-0.999045,-0.000508,0.043683),fov=70.000000,dt=0.021527},
	{cf=CFrame.new(93.293030,0.651855,0.648514,0.043686,-0.011626,0.998978,-0.000000,0.999932,0.011638,-0.999045,-0.000509,0.043683),fov=70.000000,dt=0.018949},
	{cf=CFrame.new(93.290894,0.642334,0.656952,0.043686,-0.011627,0.998978,-0.000000,0.999932,0.011638,-0.999045,-0.000508,0.043683),fov=70.000000,dt=0.020213},
	{cf=CFrame.new(93.287628,0.634033,0.666748,0.043686,-0.011627,0.998978,0.000000,0.999932,0.011638,-0.999045,-0.000508,0.043683),fov=70.000000,dt=0.024515},
	{cf=CFrame.new(93.282135,0.626465,0.680794,0.043686,-0.011627,0.998978,0.000000,0.999932,0.011638,-0.999045,-0.000508,0.043683),fov=70.000000,dt=0.021424},
	{cf=CFrame.new(93.277252,0.622070,0.692352,0.043686,-0.011627,0.998978,0.000000,0.999932,0.011638,-0.999045,-0.000508,0.043683),fov=70.000000,dt=0.020692},
	{cf=CFrame.new(93.272156,0.618652,0.703674,0.043686,-0.011627,0.998978,0.000000,0.999932,0.011638,-0.999045,-0.000508,0.043683),fov=70.000000,dt=0.018093},
	{cf=CFrame.new(93.265808,0.615723,0.717407,0.043686,-0.011627,0.998978,0.000000,0.999932,0.011638,-0.999045,-0.000508,0.043683),fov=70.000000,dt=0.019908},
	{cf=CFrame.new(93.259308,0.613525,0.731087,0.043686,-0.011627,0.998978,0.000000,0.999932,0.011638,-0.999045,-0.000508,0.043683),fov=70.000000,dt=0.020002},
	{cf=CFrame.new(93.254242,0.610107,0.743690,0.043686,-0.011627,0.998978,0.000000,0.999932,0.011638,-0.999045,-0.000508,0.043683),fov=70.000000,dt=0.017510},
	{cf=CFrame.new(93.247437,0.603027,0.763573,0.043686,-0.011627,0.998978,0.000000,0.999932,0.011638,-0.999045,-0.000508,0.043683),fov=70.000000,dt=0.029326},
	{cf=CFrame.new(93.242004,0.594238,0.783119,0.043686,-0.011627,0.998978,0.000000,0.999932,0.011638,-0.999045,-0.000508,0.043683),fov=70.000000,dt=0.022334},
	{cf=CFrame.new(93.238129,0.586426,0.798668,0.043686,-0.011627,0.998978,0.000000,0.999932,0.011638,-0.999045,-0.000508,0.043683),fov=70.000000,dt=0.019382},
	{cf=CFrame.new(93.234100,0.576904,0.816841,0.043686,-0.011627,0.998978,0.000000,0.999932,0.011638,-0.999045,-0.000508,0.043683),fov=70.000000,dt=0.021589},
	{cf=CFrame.new(93.230530,0.567383,0.834175,0.043686,-0.011627,0.998978,0.000000,0.999932,0.011638,-0.999045,-0.000508,0.043683),fov=70.000000,dt=0.021677},
	{cf=CFrame.new(93.226013,0.553955,0.857819,0.043686,-0.011627,0.998978,0.000000,0.999932,0.011638,-0.999045,-0.000508,0.043683),fov=70.000000,dt=0.025502},
	{cf=CFrame.new(93.223602,0.546143,0.873093,0.043686,-0.011627,0.998978,0.000000,0.999932,0.011638,-0.999045,-0.000508,0.043683),fov=70.000000,dt=0.017726},
	{cf=CFrame.new(93.223114,0.543457,0.888794,0.043686,-0.011627,0.998978,0.000000,0.999932,0.011638,-0.999045,-0.000508,0.043683),fov=70.000000,dt=0.019912},
	{cf=CFrame.new(93.223907,0.544678,0.902023,0.043686,-0.011627,0.998978,0.000000,0.999932,0.011638,-0.999045,-0.000508,0.043683),fov=70.000000,dt=0.015896},
	{cf=CFrame.new(93.225647,0.548340,0.914185,0.043686,-0.011627,0.998978,0.000000,0.999932,0.011638,-0.999045,-0.000508,0.043683),fov=70.000000,dt=0.016695},
	{cf=CFrame.new(93.228516,0.554932,0.927582,0.043686,-0.011627,0.998978,0.000000,0.999932,0.011638,-0.999045,-0.000508,0.043683),fov=70.000000,dt=0.019253},
	{cf=CFrame.new(93.233612,0.566895,0.944183,0.043686,-0.011627,0.998978,0.000000,0.999932,0.011638,-0.999045,-0.000508,0.043683),fov=70.000000,dt=0.021892},
	{cf=CFrame.new(93.238861,0.579590,0.958984,0.043686,-0.011627,0.998978,0.000000,0.999932,0.011638,-0.999045,-0.000508,0.043683),fov=70.000000,dt=0.021081},
	{cf=CFrame.new(93.243378,0.590332,0.969978,0.043686,-0.011627,0.998978,0.000000,0.999932,0.011638,-0.999045,-0.000508,0.043683),fov=70.000000,dt=0.015722},
	{cf=CFrame.new(93.249512,0.605225,0.983765,0.043686,-0.011627,0.998978,-0.000000,0.999932,0.011638,-0.999045,-0.000508,0.043683),fov=70.000000,dt=0.021129},
	{cf=CFrame.new(93.257263,0.625488,0.999146,0.043686,-0.011627,0.998978,-0.000000,0.999932,0.011638,-0.999045,-0.000508,0.043683),fov=70.000000,dt=0.022772},
}

local accumulated = 0
local index = 1
local smoothRootCF = root.CFrame

RunService:BindToRenderStep('FollowCinematic', Enum.RenderPriority.Camera.Value + 1, function(dt)

	accumulated += dt

	smoothRootCF = root.CFrame

	while frames[index] and accumulated >= frames[index].dt do

		accumulated -= frames[index].dt

		local f = frames[index]

		camera.CFrame = smoothRootCF * f.cf
		camera.FieldOfView = f.fov

		index += 1

	end

	if not frames[index] then
		RunService:UnbindFromRenderStep('FollowCinematic')
		camera.CameraType = Enum.CameraType.Custom
	end

end)
